SourceFile,About,AToB0,AToB1,AToB2,Author,BlueMatrixColumn,BlueTRC,BToA0,BToA1,BToA2,ChromaticAdaptation,CMMFlags,ColorSpaceData,Company,Conformance,ConnectionSpaceIlluminant,CreateDate,CreationDate,Creator,CreatorTool,DerivedFromDocumentID,DerivedFromInstanceID,DerivedFromOriginalDocumentID,DerivedFromRenditionClass,DeviceAttributes,DeviceManufacturer,DeviceMfgDesc,DeviceModel,DeviceModelDesc,Directory,DocumentID,ExifToolVersion,FileAccessDate,FileInodeChangeDate,FileModifyDate,FileName,FilePermissions,FileSize,FileType,FileTypeExtension,Format,Gamut,GreenMatrixColumn,GreenTRC,HasXFA,HistoryAction,HistoryChanged,HistoryParameters,HistorySoftwareAgent,HistoryWhen,InstanceID,Language,Linearized,Luminance,MeasurementBacking,MeasurementFlare,MeasurementGeometry,MeasurementIlluminant,MeasurementObserver,MediaBlackPoint,MediaWhitePoint,MetadataDate,MIMEType,ModDate,ModifyDate,OriginalDocumentID,PageCount,PageLayout,Part,PDFVersion,PrimaryPlatform,Producer,ProfileClass,ProfileCMMType,ProfileConnectionSpace,ProfileCopyright,ProfileCreator,ProfileDateTime,ProfileDescription,ProfileDescriptionML,ProfileDescriptionML-ar-EG,ProfileDescriptionML-ca-ES,ProfileDescriptionML-cs-CZ,ProfileDescriptionML-da-DK,ProfileDescriptionML-de-DE,ProfileDescriptionML-el-GR,ProfileDescriptionML-es-ES,ProfileDescriptionML-fi-FI,ProfileDescriptionML-fr-FU,ProfileDescriptionML-he-IL,ProfileDescriptionML-hr-HR,ProfileDescriptionML-hu-HU,ProfileDescriptionML-it-IT,ProfileDescriptionML-ja-JP,ProfileDescriptionML-ko-KR,ProfileDescriptionML-nb-NO,ProfileDescriptionML-nl-NL,ProfileDescriptionML-pl-PL,ProfileDescriptionML-pt-BR,ProfileDescriptionML-pt-PO,ProfileDescriptionML-ro-RO,ProfileDescriptionML-ru-RU,ProfileDescriptionML-sk-SK,ProfileDescriptionML-sv-SE,ProfileDescriptionML-th-TH,ProfileDescriptionML-tr-TR,ProfileDescriptionML-uk-UA,ProfileDescriptionML-vi-VN,ProfileDescriptionML-zh-CN,ProfileDescriptionML-zh-TW,ProfileFileSignature,ProfileID,ProfileVersion,Rating,RedMatrixColumn,RedTRC,RenderingIntent,RenditionClass,Subject,Tag00313_calculation,Tag13Calculation,TaggedPDF,Technology,Title,Trapped,VersionID,ViewingCondDesc,ViewingCondIlluminant,ViewingCondIlluminantType,ViewingCondSurround,XMPToolkit
2004-tax.pdf,uuid:3fb943ad-220f-4489-9652-6537e64d2e15,,,,delliott,,,,,,,,,,,,2005:01:28 11:15:26-06:00,2005:01:28 11:15:26-06:00,delliott,PScript5.dll Version 5.2.2,,,,,,,,,,.,uuid:b41eeece-4b18-4115-99a1-710402efb7d5,12.70,2024:04:17 17:15:05-04:00,2024:04:17 17:15:05-04:00,2024:04:17 17:15:05-04:00,2004-tax.pdf,-rw-r--r--,9.1 kB,PDF,pdf,application/pdf,,,,,,,,,,,,Yes,,,,,,,,,2005:01:28 15:18:16-05:00,application/pdf,2005:01:28 15:18:16-05:00,2005:01:28 15:18:16-05:00,,1,,,1.4,,Acrobat Distiller 6.0 (Windows),,,,,,,,,,,,,,,,,,,,,,,,,,,,,,,,,,,,,,,,,,,,,,,,,,,,Microsoft Word - 2004 tax reporting info1.doc,,,,,,,
2005-tax.pdf,uuid:5aca7a63-5f27-402a-9e07-4bca8420bf4a,,,,HyperGEAR TIFF/PDF Convert Library,,,,,,,,,,,,2006:01:26 15:10:22Z,,HyperGEAR TIFF/PDF Convert Library,"HyperGEAR,inc.",,,,,,,,,,.,uuid:9d0d029f-0f00-494f-a16b-56498134cb49,12.70,2024:04:17 17:15:03-04:00,2024:04:17 17:15:03-04:00,2024:04:17 17:15:03-04:00,2005-tax.pdf,-rw-r--r--,19 kB,PDF,pdf,application/pdf,,,,,,,,,,,,Yes,,,,,,,,,2006:01:26 14:17:13-06:00,application/pdf,,2006:01:26 14:17:13-06:00,,1,,,1.3,,HypeGEAR PDFLib rev1.4 $Date: 2001/12/12 17:59:12 $,,,,,,,,,,,,,,,,,,,,,,,,,,,,,,,,,,,,,,,,,,,,,,,,,,,,,,,,,,,"XMP toolkit 2.9.1-13, framework 1.6"
2007-tax.pdf,,,,,ccarpenter,,,,,,,,,,,,2008:01:25 12:31:07-06:00,,ccarpenter,PScript5.dll Version 5.2.2,,,,,,,,,,.,uuid:4d1f6649-15a0-49b7-a78f-d93c799359d9,12.70,2024:04:17 17:15:02-04:00,2024:04:17 17:15:02-04:00,2024:04:17 17:15:02-04:00,2007-tax.pdf,-rw-r--r--,9.7 kB,PDF,pdf,application/pdf,,,,,,,,,,uuid:d4131342-e708-479d-9d90-a3a39af19360,,Yes,,,,,,,,,2008:01:25 14:49:43-08:00,application/pdf,,2008:01:25 14:49:43-08:00,,1,,,1.4,,Acrobat Distiller 6.0 (Windows),,,,,,,,,,,,,,,,,,,,,,,,,,,,,,,,,,,,,,,,,,,,,,,,,,,,1   2007 Return of Capital 2 0.xls,,,,,,,"Adobe XMP Core 4.0-c316 44.253921, Sun Oct 01 2006 17:14:39"
2008-tax-gmh.pdf,,,,,kvoss,,,,,,,,,,,,2009:03:12 14:17:21-05:00,,kvoss,PScript5.dll Version 5.2.2,,,,,,,,,,.,uuid:6a080151-8d9c-4ead-91b1-42ee66c34a93,12.70,2024:04:17 17:15:08-04:00,2024:04:17 17:15:08-04:00,2024:04:17 17:15:08-04:00,2008-tax-gmh.pdf,-rw-r--r--,9.5 kB,PDF,pdf,application/pdf,,,,,,,,,,uuid:98706ca3-b0f4-4d74-8c49-09f70d511368,,Yes,,,,,,,,,2009:03:12 14:17:44-05:00,application/pdf,,2009:03:12 14:17:44-05:00,,1,,,1.4,,Acrobat Distiller 8.1.0 (Windows),,,,,,,,,,,,,,,,,,,,,,,,,,,,,,,,,,,,,,,,,,,,,,,,,,,,GMH 2008 Dividend Reporting revised (2).xls,,,,,,,"Adobe XMP Core 4.0-c316 44.253921, Sun Oct 01 2006 17:14:39"
2009-tax-acc.pdf,,,,,ebeinke,,,,,,,,,,,,2010:01:26 10:16:58-06:00,,ebeinke,PScript5.dll Version 5.2.2,,,,,,,,,,.,uuid:51f3f18b-5d42-4a78-a7df-c9f26fb66fd8,12.70,2024:04:17 17:15:05-04:00,2024:04:17 17:15:05-04:00,2024:04:17 17:15:05-04:00,2009-tax-acc.pdf,-rw-r--r--,9.5 kB,PDF,pdf,application/pdf,,,,,,,,,,uuid:b9537a5e-20d6-4d1f-b4a3-0c2224e1dd8d,,Yes,,,,,,,,,,application/pdf,,2010:01:26 10:16:58-06:00,,1,,,1.4,,Acrobat Distiller 8.0.0 (Windows),,,,,,,,,,,,,,,,,,,,,,,,,,,,,,,,,,,,,,,,,,,,,,,,,,,,WebsiteRelease.xls,,,,,,,"Adobe XMP Core 4.0-c316 44.253921, Sun Oct 01 2006 17:14:39"
2010-tax.pdf,,,,,ebeinke,,,,,,,,,,,,2011:01:25 16:25:12-06:00,,ebeinke,PScript5.dll Version 5.2.2,,,,,,,,,,.,uuid:ddb37c99-9c4a-427d-a236-e41b05e58420,12.70,2024:04:17 17:15:03-04:00,2024:04:17 17:15:03-04:00,2024:04:17 17:15:03-04:00,2010-tax.pdf,-rw-r--r--,9.6 kB,PDF,pdf,application/pdf,,,,,,,,,,uuid:ac2db76e-4249-4430-a27e-ad70688c1564,,Yes,,,,,,,,,2011:01:26 12:15:21-06:00,application/pdf,,2011:01:26 12:15:21-06:00,,1,,,1.4,,Acrobat Distiller 8.1.0 (Windows),,,,,,,,,,,,,,,,,,,,,,,,,,,,,,,,,,,,,,,,,,,,,,,,,,,,Website Release.xls,,,,,,,"Adobe XMP Core 4.0-c316 44.253921, Sun Oct 01 2006 17:14:39"
2011-irc.pdf,,,,,ebeinke,,,,,,,,,,,,2012:01:25 11:24:13-06:00,,ebeinke,PScript5.dll Version 5.2.2,,,,,,,,,,.,uuid:cc1b24f2-0b0f-4f6b-b6fe-c129da600fce,12.70,2024:04:17 17:15:07-04:00,2024:04:17 17:15:07-04:00,2024:04:17 17:15:07-04:00,2011-irc.pdf,-rw-r--r--,393 kB,PDF,pdf,application/pdf,,,,,,,,,,uuid:6a42583a-a99a-4349-a263-1ae3829d64f2,,Yes,,,,,,,,,2012:01:25 11:42:24-06:00,application/pdf,,2012:01:25 11:42:24-06:00,,2,,,1.6,,Acrobat Distiller 8.3.1 (Windows),,,,,,,,,,,,,,,,,,,,,,,,,,,,,,,,,,,,,,,,,,,,,,,,,,,,Microsoft Word - Form 8937 Page 1.docx,,,,,,,"Adobe XMP Core 4.0-c321 44.398116, Tue Aug 04 2009 14:24:39"
2011-tax.pdf,,,,,ebeinke,,,,,,,,,,,,2012:01:25 12:15:41-06:00,,ebeinke,PScript5.dll Version 5.2.2,,,,,,,,,,.,uuid:e46b20cb-fa31-4875-8795-63ca4c41b881,12.70,2024:04:17 17:15:02-04:00,2024:04:17 17:15:02-04:00,2024:04:17 17:15:02-04:00,2011-tax.pdf,-rw-r--r--,10 kB,PDF,pdf,application/pdf,,,,,,,,,,uuid:9731ca60-f3f3-4b0f-949b-e855baf59517,,Yes,,,,,,,,,,application/pdf,,2012:01:25 12:15:41-06:00,,1,,,1.4,,Acrobat Distiller 8.3.1 (Windows),,,,,,,,,,,,,,,,,,,,,,,,,,,,,,,,,,,,,,,,,,,,,,,,,,,,2011 Website Release.xls,,,,,,,"Adobe XMP Core 4.0-c321 44.398116, Tue Aug 04 2009 14:24:39"
2012-tax.pdf,,,,,ebeinke,,,,,,,,,,,,2013:01:26 03:25:46Z,,PScript5.dll Version 5.2.2,,,,,,,,,,,.,,12.70,2024:04:17 17:15:02-04:00,2024:04:17 17:15:02-04:00,2024:04:17 17:15:02-04:00,2012-tax.pdf,-rw-r--r--,32 kB,PDF,pdf,,,,,,,,,,,,,No,,,,,,,,,,application/pdf,,2013:01:26 03:25:46Z,,1,,,1.3,,Mac OS X 10.5.8 Quartz PDFContext,,,,,,,,,,,,,,,,,,,,,,,,,,,,,,,,,,,,,,,,,,,,,,,,,,,,2012 Website Release.xls,,,,,,,
2013-tax.pdf,,,,,ebeinke,,,,,,,,,,,,2014:01:24 14:02:47-06:00,,ebeinke,PScript5.dll Version 5.2.2,,,,,,,,,,.,uuid:2073dc80-8287-4521-8831-903c6aeed42f,12.70,2024:04:17 17:15:02-04:00,2024:04:17 17:15:02-04:00,2024:04:17 17:15:02-04:00,2013-tax.pdf,-rw-r--r--,7.0 kB,PDF,pdf,application/pdf,,,,,,,,,,uuid:f0abc289-2372-4cc8-bb4a-bfd296c2a78b,,Yes,,,,,,,,,2014:01:24 14:04:16-06:00,application/pdf,,2014:01:24 14:04:16-06:00,,1,,,1.5,,Acrobat Distiller 10.0.0 (Windows),,,,,,,,,,,,,,,,,,,,,,,,,,,,,,,,,,,,,,,,,,,,,,,,,,,,2013 Website Release.xls,,,,,,,"Adobe XMP Core 5.2-c001 63.139439, 2010/09/27-13:37:26        "
2014-tax.pdf,,,,,ebeinke,,,,,,,,,,,,2015:01:26 07:49:49-06:00,,ebeinke,PScript5.dll Version 5.2.2,,,,,,,,,,.,uuid:1e888b8e-a01b-467e-b880-865eaabf7cb7,12.70,2024:04:17 17:14:58-04:00,2024:04:17 17:14:58-04:00,2024:04:17 17:14:58-04:00,2014-tax.pdf,-rw-r--r--,6.8 kB,PDF,pdf,application/pdf,,,,,,,,,,uuid:c073c828-344e-443a-9d5b-15cbb069272c,,Yes,,,,,,,,,2015:01:26 08:55:20-06:00,application/pdf,,2015:01:26 08:55:20-06:00,,1,,,1.5,,Acrobat Distiller 10.1.10 (Windows),,,,,,,,,,,,,,,,,,,,,,,,,,,,,,,,,,,,,,,,,,,,,,,,,,,,2014 Website Release.xlsx,,,,,,,"Adobe XMP Core 5.2-c001 63.139439, 2010/09/27-13:37:26        "
2015-tax.pdf,,,,,ebeinke,,,,,,,,,,,,2016:01:28 11:11:47-06:00,,ebeinke,PScript5.dll Version 5.2.2,,,,,,,,,,.,uuid:ebd3d4d6-aa73-46eb-b615-1584abc8ec58,12.70,2024:04:17 17:15:01-04:00,2024:04:17 17:15:01-04:00,2024:04:17 17:15:01-04:00,2015-tax.pdf,-rw-r--r--,6.7 kB,PDF,pdf,application/pdf,,,,,,,,,,uuid:aee437e5-17a3-4b4a-8d0d-448f626e351c,,Yes,,,,,,,,,,application/pdf,,2016:01:28 11:11:47-06:00,,1,,,1.5,,Acrobat Distiller 10.1.10 (Windows),,,,,,,,,,,,,,,,,,,,,,,,,,,,,,,,,,,,,,,,,,,,,,,,,,,,2015 Website Release.xlsx,,,,,,,"Adobe XMP Core 5.2-c001 63.139439, 2010/09/27-13:37:26        "
2016-irc.pdf,,,,,ebeinke,,,,,,,,,,,,2017:01:27 16:54:34-06:00,,ebeinke,PScript5.dll Version 5.2.2,,,,,,,,,,.,uuid:c61d9b2d-af34-434f-828b-deac827f4944,12.70,2024:04:17 17:14:52-04:00,2024:04:17 17:14:53-04:00,2024:04:17 17:14:53-04:00,2016-irc.pdf,-rw-r--r--,1603 kB,PDF,pdf,application/pdf,,,,,,,,,,uuid:d0928c5b-33dd-4fd3-b7c3-6c1e8c912dc1,,Yes,,,,,,,,,2017:01:27 17:02:42-06:00,application/pdf,,2017:01:27 17:02:42-06:00,,2,,,1.6,,Acrobat Distiller 15.0 (Windows),,,,,,,,,,,,,,,,,,,,,,,,,,,,,,,,,,,,,,,,,,,,,,,,,,,,Microsoft Word - 2016 Form 8937 Page 1 test,,,,,,,"Adobe XMP Core 5.6-c015 84.159810, 2016/09/10-02:41:30        "
2016-tax.pdf,,,,,ebeinke,,,,,,,,,,,,2017:01:27 16:57:01-06:00,,ebeinke,PScript5.dll Version 5.2.2,,,,,,,,,,.,uuid:fee04061-0ace-488a-a4e9-2ac797fb29ff,12.70,2024:04:17 17:15:01-04:00,2024:04:17 17:15:01-04:00,2024:04:17 17:15:01-04:00,2016-tax.pdf,-rw-r--r--,6.5 kB,PDF,pdf,application/pdf,,,,,,,,,,uuid:2556fe66-79b7-4233-a88d-74b075459bce,,Yes,,,,,,,,,,application/pdf,,2017:01:27 16:57:01-06:00,,1,,,1.5,,Acrobat Distiller 15.0 (Windows),,,,,,,,,,,,,,,,,,,,,,,,,,,,,,,,,,,,,,,,,,,,,,,,,,,,2016 Website Release.xlsx,,,,,,,"Adobe XMP Core 5.6-c015 84.159810, 2016/09/10-02:41:30        "
2017-tax.pdf,,,,,ebeinke,,,,,,,,,,,,2018:01:26 11:50:33-06:00,,ebeinke,PScript5.dll Version 5.2.2,,,,,,,,,,.,uuid:2c79c59f-fa09-4315-a8bf-7f66f99414b5,12.70,2024:04:17 17:15:01-04:00,2024:04:17 17:15:01-04:00,2024:04:17 17:15:01-04:00,2017-tax.pdf,-rw-r--r--,6.5 kB,PDF,pdf,application/pdf,,,,,,,,,,uuid:55d8d016-6a54-4fed-8516-90ce9f4ab272,,Yes,,,,,,,,,,application/pdf,,2018:01:26 11:50:33-06:00,,1,,,1.5,,Acrobat Distiller 18.0 (Windows),,,,,,,,,,,,,,,,,,,,,,,,,,,,,,,,,,,,,,,,,,,,,,,,,,,,2017 Year-End Tax Reporting Information.pdf.xlsx,,,,,,,"Adobe XMP Core 5.6-c015 84.159810, 2016/09/10-02:41:30        "
2019-tax.pdf,,,,,ebeinke,,,,,,,,,,,,2020:01:24 09:17:03-06:00,,ebeinke,PScript5.dll Version 5.2.2,,,,,,,,,,.,uuid:f88420ac-f42f-43b2-93d2-1ef6aa519c8a,12.70,2024:04:17 17:14:58-04:00,2024:04:17 17:14:58-04:00,2024:04:17 17:14:58-04:00,2019-tax.pdf,-rw-r--r--,62 kB,PDF,pdf,application/pdf,,,,,,,,,,uuid:97b6820c-897a-4b27-8728-87935685b894,,Yes,,,,,,,,,,application/pdf,,2020:01:24 09:17:03-06:00,,1,,,1.6,,Acrobat Distiller 19.0 (Windows),,,,,,,,,,,,,,,,,,,,,,,,,,,,,,,,,,,,,,,,,,,,,,,,,,,,2019 Website Release.xlsx,,,,,,,"Adobe XMP Core 5.6-c016 91.163616, 2018/10/29-16:58:49        "
2020-IRC-6045B-Reporting-Information.pdf,,,,,,,,,,,,,,,,,2021:01:25 15:05:10-06:00,,Adobe Acrobat Standard DC 20.13.20074,Adobe Acrobat Standard DC 20.13.20074,,,,,,,,,,.,uuid:def848d4-d927-4d87-9866-6af658c00f0b,12.70,2024:04:17 17:15:09-04:00,2024:04:17 17:15:09-04:00,2024:04:17 17:15:09-04:00,2020-IRC-6045B-Reporting-Information.pdf,-rw-r--r--,478 kB,PDF,pdf,application/pdf,,,,No,,,,,,uuid:5fb3158f-d295-460b-9796-7f57f947033d,,Yes,,,,,,,,,2021:01:25 16:10:03-06:00,application/pdf,,2021:01:25 16:10:03-06:00,,2,,,1.6,,Adobe Acrobat Standard DC 20.13.20074,,,,,,,,,,,,,,,,,,,,,,,,,,,,,,,,,,,,,,,,,,,,,,,,,,,,,,,,,,,"Adobe XMP Core 5.6-c017 91.164464, 2020/06/15-10:20:05        "
2020-Year-End-Tax-Reporting-Information.pdf,,,,,ebeinke,,,,,,,,,,,,2021:01:25 16:11:25-06:00,,ebeinke,PScript5.dll Version 5.2.2,,,,,,,,,,.,uuid:53beedfe-e5ab-4a01-aac3-f5043f5f501b,12.70,2024:04:17 17:15:16-04:00,2024:04:17 17:15:16-04:00,2024:04:17 17:15:16-04:00,2020-Year-End-Tax-Reporting-Information.pdf,-rw-r--r--,80 kB,PDF,pdf,application/pdf,,,,,,,,,,uuid:213de11c-6d7d-44d6-91dd-894763d43cce,,Yes,,,,,,,,,,application/pdf,,2021:01:25 16:11:25-06:00,,1,,,1.6,,Acrobat Distiller 20.0 (Windows),,,,,,,,,,,,,,,,,,,,,,,,,,,,,,,,,,,,,,,,,,,,,,,,,,,,2020 Website Release.xlsx,,,,,,,"Adobe XMP Core 5.6-c017 91.164464, 2020/06/15-10:20:05        "
2021-Year-End-Tax-Reporting-Information.pdf,,,,,Steve Beinke,,,,,,,,,,,,2022:01:24 11:18:15-06:00,,Steve Beinke,Acrobat PDFMaker 21 for Excel,,,,,,,,,,.,uuid:eeafc1a7-746a-4f56-8b60-a07dbcbeaff5,12.70,2024:04:17 17:15:17-04:00,2024:04:17 17:15:17-04:00,2024:04:17 17:15:17-04:00,2021-Year-End-Tax-Reporting-Information.pdf,-rw-r--r--,110 kB,PDF,pdf,application/pdf,,,,,,,,,,uuid:f723da5a-2a1d-4c0c-9463-154f66e46a0e,EN-US,Yes,,,,,,,,,2022:01:24 11:18:18-06:00,application/pdf,,2022:01:24 11:18:18-06:00,,1,SinglePage,,1.6,,Adobe PDF Library 21.11.71,,,,,,,,,,,,,,,,,,,,,,,,,,,,,,,,,,,,,,,,,,,,,,,,#REF!,#REF!,Yes,,,,,,,,,"Adobe XMP Core 7.1-c000 79.425dc87, 2021/10/27-16:20:32        "
2022-Year-End-Tax-Reporting-Information.pdf,,,,,ebeinke,,,,,,,,,,,,2023:01:30 10:10:59-06:00,,ebeinke,PScript5.dll Version 5.2.2,,,,,,,,,,.,uuid:8f3a4f1c-b1c3-4f64-bc8a-dd5c589a85a7,12.70,2024:04:17 17:15:21-04:00,2024:04:17 17:15:21-04:00,2024:04:17 17:15:21-04:00,2022-Year-End-Tax-Reporting-Information.pdf,-rw-r--r--,94 kB,PDF,pdf,application/pdf,,,,,,,,,,uuid:a858bc57-650c-4b72-ab19-b80862303899,,Yes,,,,,,,,,,application/pdf,,2023:01:30 10:10:59-06:00,,1,,,1.6,,Acrobat Distiller 22.0 (Windows),,,,,,,,,,,,,,,,,,,,,,,,,,,,,,,,,,,,,,,,,,,,,,,,,,,,2022 Website Release.xlsx,,,,,,,"Adobe XMP Core 9.0-c000 79.cca54b0, 2022/11/26-09:29:55        "
227-Application-2023-(3).pdf,,,,,,,,,,,,,,,,,2022:10:27 10:02:49-05:00,,Adobe InDesign 18.0 (Macintosh),Adobe InDesign 18.0 (Macintosh),xmp.did:2eacdc12-2935-4404-b921-1416e1e36457,xmp.iid:2fe840be-dbda-484a-8e71-3d0f32d1a3e0,xmp.did:0180117407206811822AA4D878F4D490,default,,,,,,.,xmp.id:da2db16d-bf71-4f02-9256-42e94ffbff83,12.70,2024:04:17 17:15:15-04:00,2024:04:17 17:15:15-04:00,2024:04:17 17:15:15-04:00,227-Application-2023-(3).pdf,-rw-r--r--,127 kB,PDF,pdf,application/pdf,,,,,converted,/,from application/x-indesign to application/pdf,Adobe InDesign 18.0 (Macintosh),2022:10:27 10:02:49-05:00,uuid:66ce0caa-3f5d-eb46-bab4-e56f8e5b8771,en-US,Yes,,,,,,,,,2022:10:27 10:02:54-05:00,application/pdf,,2022:10:27 10:02:54-05:00,xmp.did:0180117407206811822AA4D878F4D490,3,,,1.4,,Adobe PDF Library 17.0,,,,,,,,,,,,,,,,,,,,,,,,,,,,,,,,,,,,,,,,,,,,,,proof:pdf,,,,Yes,,,False,,,,,,"Adobe XMP Core 8.0-c001 79.328f76e, 2022/08/01-19:10:29        "
227-Application-8-24-18.pdf,,,,,,,,,,,,,,,,,2018:08:24 10:00:32-05:00,,Adobe InDesign CC 13.1 (Macintosh),Adobe InDesign CC 13.1 (Macintosh),xmp.did:2e8df3bb-4323-4038-91e6-bb79a3756181,xmp.iid:2e8df3bb-4323-4038-91e6-bb79a3756181,xmp.did:0180117407206811822AA4D878F4D490,default,,,,,,.,xmp.id:38168c3c-7a41-4911-bf48-080747a64b40,12.70,2024:04:17 17:15:13-04:00,2024:04:17 17:15:13-04:00,2024:04:17 17:15:13-04:00,227-Application-8-24-18.pdf,-rw-r--r--,91 kB,PDF,pdf,application/pdf,,,,,converted,/,from application/x-indesign to application/pdf,Adobe InDesign CC 13.1 (Macintosh),2018:08:24 10:00:32-05:00,uuid:56fa5766-3cdd-7d48-a999-e4109d3e4ccc,en-US,Yes,,,,,,,,,2018:08:24 10:00:32-05:00,application/pdf,,2018:08:24 10:00:32-05:00,xmp.did:0180117407206811822AA4D878F4D490,2,,,1.4,,Adobe PDF Library 15.0,,,,,,,,,,,,,,,,,,,,,,,,,,,,,,,,,,,,,,,,,,,,,,proof:pdf,,,,Yes,,,False,,,,,,"Adobe XMP Core 5.6-c143 79.161424, 2017/09/22-11:52:47        "
310-5-5x8-5-retail-brochure-5-17-21-proof.pdf,,,,,,0.15665 0.08446 0.71957,"(Binary data 14 bytes, use -b option to extract)",,,,1.04788 0.02292 -0.0502 0.02957 0.99049 -0.01706 -0.00923 0.01508 0.75165,"Not Embedded, Independent","RGB ",,,0.9642 1 0.82491,2021:05:24 15:51:19-05:00,,Adobe InDesign 16.2 (Macintosh),Adobe InDesign 16.2 (Macintosh),xmp.did:097e5215-fe1a-4593-871a-b30f2c9266a4,xmp.iid:5ff1be28-ea84-4994-8d92-33f671b7ded0,xmp.did:1035f380-770e-4aba-83cb-98fc2149d813,default,"Reflective, Glossy, Positive, Color",Apple Computer Inc.,,,,.,xmp.id:5b9674a2-0b24-449d-bf5b-1525820dc8d7,12.70,2024:04:17 17:15:27-04:00,2024:04:17 17:15:28-04:00,2024:04:17 17:15:28-04:00,310-5-5x8-5-retail-brochure-5-17-21-proof.pdf,-rw-r--r--,5.6 MB,PDF,pdf,application/pdf,,0.35335 0.67363 0.09064,"(Binary data 14 bytes, use -b option to extract)",,converted,/,from application/x-indesign to application/pdf,Adobe InDesign 16.2 (Macintosh),2021:05:24 15:51:19-05:00,uuid:589ec3c0-0edf-b046-b698-1f7930d09aae,en-US,Yes,,,,,,,,0.95047 1 1.0891,2021:05:24 15:51:32-05:00,application/pdf,,2021:05:24 15:51:32-05:00,xmp.did:1035f380-770e-4aba-83cb-98fc2149d813,4,,,1.4,Apple Computer Inc.,Adobe PDF Library 15.0,Display Device Profile,Apple Computer Inc.,"XYZ ","Copyright 2007 Apple Inc., all rights reserved.",Apple Computer Inc.,2009:02:25 11:26:11,Generic RGB Profile,Generic RGB Profile,ملف تعريف RGB العام,Perfil RGB genèric,Obecný RGB profil,Generel RGB-profil,Allgemeines RGB-Profil,Γενικό προφίλ RGB,Perfil RGB genérico,Yleinen RGB-profiili,Profil générique RVB,פרופיל RGB כללי,Generički RGB profil,Általános RGB profil,Profilo RGB generico,一般 RGB プロファイル,일반 RGB 프로파일,Generisk RGB-profil,Algemeen RGB-profiel,Uniwersalny profil RGB,Perfil RGB Genérico,Perfil RGB genérico,Profil RGB generic,Общий профиль RGB,Všeobecný RGB profil,Generisk RGB-profil,โปรไฟล์ RGB ทั่วไป,Genel RGB Profili,Загальний профайл RGB,Cấu hình RGB Chung,普通RGB描述文件,通用RGB色彩描述,acsp,0,2.2.0,,0.4543 0.24191 0.01489,"(Binary data 14 bytes, use -b option to extract)",Perceptual,proof:pdf,,,,Yes,,,False,,,,,,"Adobe XMP Core 6.0-c006 79.164753, 2021/02/15-11:52:13        "
416-5-5x8-5-retail-brochure-6-7-21.pdf,,,,,,0.15665 0.08446 0.71957,"(Binary data 14 bytes, use -b option to extract)",,,,1.04788 0.02292 -0.0502 0.02957 0.99049 -0.01706 -0.00923 0.01508 0.75165,"Not Embedded, Independent","RGB ",,,0.9642 1 0.82491,2021:07:12 14:27:19-05:00,,Adobe InDesign 16.2 (Macintosh),Adobe InDesign 16.2 (Macintosh),xmp.did:13a552fc-6770-42c2-90e6-3a4232b4aef7,xmp.iid:b155738e-b06e-41f0-bc81-46532f08b18f,xmp.did:1035f380-770e-4aba-83cb-98fc2149d813,default,"Reflective, Glossy, Positive, Color",Apple Computer Inc.,,,,.,xmp.id:2707fd57-aa46-46bb-ab74-4f777a4f80af,12.70,2024:04:17 17:15:25-04:00,2024:04:17 17:15:27-04:00,2024:04:17 17:15:27-04:00,416-5-5x8-5-retail-brochure-6-7-21.pdf,-rw-r--r--,5.5 MB,PDF,pdf,application/pdf,,0.35335 0.67363 0.09064,"(Binary data 14 bytes, use -b option to extract)",,converted,/,from application/x-indesign to application/pdf,Adobe InDesign 16.2 (Macintosh),2021:07:12 14:27:19-05:00,uuid:d191bfdb-45ee-3b4a-8470-ee17105790b2,en-US,Yes,,,,,,,,0.95047 1 1.0891,2021:07:12 14:27:24-05:00,application/pdf,,2021:07:12 14:27:24-05:00,xmp.did:1035f380-770e-4aba-83cb-98fc2149d813,4,,,1.4,Apple Computer Inc.,Adobe PDF Library 15.0,Display Device Profile,Apple Computer Inc.,"XYZ ","Copyright 2007 Apple Inc., all rights reserved.",Apple Computer Inc.,2009:02:25 11:26:11,Generic RGB Profile,Generic RGB Profile,ملف تعريف RGB العام,Perfil RGB genèric,Obecný RGB profil,Generel RGB-profil,Allgemeines RGB-Profil,Γενικό προφίλ RGB,Perfil RGB genérico,Yleinen RGB-profiili,Profil générique RVB,פרופיל RGB כללי,Generički RGB profil,Általános RGB profil,Profilo RGB generico,一般 RGB プロファイル,일반 RGB 프로파일,Generisk RGB-profil,Algemeen RGB-profiel,Uniwersalny profil RGB,Perfil RGB Genérico,Perfil RGB genérico,Profil RGB generic,Общий профиль RGB,Všeobecný RGB profil,Generisk RGB-profil,โปรไฟล์ RGB ทั่วไป,Genel RGB Profili,Загальний профайл RGB,Cấu hình RGB Chung,普通RGB描述文件,通用RGB色彩描述,acsp,0,2.2.0,,0.4543 0.24191 0.01489,"(Binary data 14 bytes, use -b option to extract)",Perceptual,proof:pdf,,,,Yes,,,False,,,,,,"Adobe XMP Core 6.0-c006 79.164753, 2021/02/15-11:52:13        "
541-5-5x8-5-retail-brochure-6-7-21.pdf,,,,,,0.15665 0.08446 0.71957,"(Binary data 14 bytes, use -b option to extract)",,,,1.04788 0.02292 -0.0502 0.02957 0.99049 -0.01706 -0.00923 0.01508 0.75165,"Not Embedded, Independent","RGB ",,,0.9642 1 0.82491,2021:07:12 14:12:45-05:00,,Adobe InDesign 16.2 (Macintosh),Adobe InDesign 16.2 (Macintosh),xmp.did:d20db6c6-2b2b-48bb-8ee9-826ba07c6dfc,xmp.iid:b4eab097-0545-4fe8-9d69-1b1d5cf75a0c,xmp.did:1035f380-770e-4aba-83cb-98fc2149d813,default,"Reflective, Glossy, Positive, Color",Apple Computer Inc.,,,,.,xmp.id:b615f72f-0df6-485a-8b08-03469ba64020,12.70,2024:04:17 17:15:29-04:00,2024:04:17 17:15:30-04:00,2024:04:17 17:15:30-04:00,541-5-5x8-5-retail-brochure-6-7-21.pdf,-rw-r--r--,5.9 MB,PDF,pdf,application/pdf,,0.35335 0.67363 0.09064,"(Binary data 14 bytes, use -b option to extract)",,converted,/,from application/x-indesign to application/pdf,Adobe InDesign 16.2 (Macintosh),2021:07:12 14:12:45-05:00,uuid:df3816a6-fc3f-764f-aafe-5f79530c8e57,en-US,Yes,,,,,,,,0.95047 1 1.0891,2021:07:12 14:12:56-05:00,application/pdf,,2021:07:12 14:12:56-05:00,xmp.did:1035f380-770e-4aba-83cb-98fc2149d813,4,,,1.4,Apple Computer Inc.,Adobe PDF Library 15.0,Display Device Profile,Apple Computer Inc.,"XYZ ","Copyright 2007 Apple Inc., all rights reserved.",Apple Computer Inc.,2009:02:25 11:26:11,Generic RGB Profile,Generic RGB Profile,ملف تعريف RGB العام,Perfil RGB genèric,Obecný RGB profil,Generel RGB-profil,Allgemeines RGB-Profil,Γενικό προφίλ RGB,Perfil RGB genérico,Yleinen RGB-profiili,Profil générique RVB,פרופיל RGB כללי,Generički RGB profil,Általános RGB profil,Profilo RGB generico,一般 RGB プロファイル,일반 RGB 프로파일,Generisk RGB-profil,Algemeen RGB-profiel,Uniwersalny profil RGB,Perfil RGB Genérico,Perfil RGB genérico,Profil RGB generic,Общий профиль RGB,Všeobecný RGB profil,Generisk RGB-profil,โปรไฟล์ RGB ทั่วไป,Genel RGB Profili,Загальний профайл RGB,Cấu hình RGB Chung,普通RGB描述文件,通用RGB色彩描述,acsp,0,2.2.0,,0.4543 0.24191 0.01489,"(Binary data 14 bytes, use -b option to extract)",Perceptual,proof:pdf,,,,Yes,,,False,,,,,,"Adobe XMP Core 6.0-c006 79.164753, 2021/02/15-11:52:13        "
725-Dolphin-Cove-Handbook-2018-2019-final,,,,,ACC,,,,,,,,,,,,2018:09:11 11:47:29-04:00,,Microsoft® Word 2010,,,,,,,,,,,.,,12.70,2024:04:17 17:15:10-04:00,2024:04:17 17:15:11-04:00,2024:04:17 17:15:11-04:00,725-Dolphin-Cove-Handbook-2018-2019-final,-rw-r--r--,2.6 MB,PDF,pdf,,,,,,,,,,,,en-US,No,,,,,,,,,,application/pdf,,2018:09:11 11:47:29-04:00,,80,,,1.5,,Microsoft® Word 2010,,,,,,,,,,,,,,,,,,,,,,,,,,,,,,,,,,,,,,,,,,,,,,,,,,Yes,,Resident Handbook,,,,,,,
998-Application-2018-PRINT.pdf,,,,,,,,,,,,,,,,,2017:10:11 10:02:52-05:00,,Adobe InDesign CC 2017 (Macintosh),Adobe InDesign CC 2017 (Macintosh),xmp.did:fed0d467-dce8-4938-88b6-4a80a38fa065,xmp.iid:bcaa223c-a9be-4b9c-b4b1-9895068dd02c,xmp.did:0180117407206811822AA4D878F4D490,default,,,,,,.,xmp.id:5ce8018f-b12d-48a1-8c88-ab1a7e02d05f,12.70,2024:04:17 17:15:06-04:00,2024:04:17 17:15:06-04:00,2024:04:17 17:15:06-04:00,998-Application-2018-PRINT.pdf,-rw-r--r--,89 kB,PDF,pdf,application/pdf,,,,,converted,/,from application/x-indesign to application/pdf,Adobe InDesign CC 2017 (Macintosh),2017:10:11 10:02:52-05:00,uuid:04094664-587c-8149-a910-b0b712be666a,en-US,Yes,,,,,,,,,2017:10:11 10:02:53-05:00,application/pdf,,2017:10:11 10:02:53-05:00,xmp.did:0180117407206811822AA4D878F4D490,2,,,1.4,,Adobe PDF Library 15.0,,,,,,,,,,,,,,,,,,,,,,,,,,,,,,,,,,,,,,,,,,,,,,proof:pdf,,,,Yes,,,False,,,,,,"Adobe XMP Core 5.6-c138 79.159824, 2016/09/14-01:09:01        "
acc-5-5x8-5-retail-brochure-5-25-21-proof.pdf,,,,,,,,,,,,,,,,,2021:05:25 10:38:16-05:00,,Adobe InDesign 16.2 (Macintosh),Adobe InDesign 16.2 (Macintosh),xmp.did:1035f380-770e-4aba-83cb-98fc2149d813,xmp.iid:51a9aa71-6554-4ed3-8eb6-55867d8fca43,xmp.did:1035f380-770e-4aba-83cb-98fc2149d813,default,,,,,,.,xmp.id:cb862bfa-e6c4-45e8-aec2-f86ae3e7af9c,12.70,2024:04:17 17:15:23-04:00,2024:04:17 17:15:25-04:00,2024:04:17 17:15:25-04:00,acc-5-5x8-5-retail-brochure-5-25-21-proof.pdf,-rw-r--r--,5.7 MB,PDF,pdf,application/pdf,,,,,converted,/,from application/x-indesign to application/pdf,Adobe InDesign 16.2 (Macintosh),2021:05:25 10:38:16-05:00,uuid:9244564e-cd34-fa41-82ce-867d32519eba,en-US,Yes,,,,,,,,,2021:05:25 10:38:33-05:00,application/pdf,,2021:05:25 10:38:33-05:00,xmp.did:1035f380-770e-4aba-83cb-98fc2149d813,4,,,1.4,,Adobe PDF Library 15.0,,,,,,,,,,,,,,,,,,,,,,,,,,,,,,,,,,,,,,,,,,,,,,proof:pdf,,,,Yes,,,False,,,,,,"Adobe XMP Core 6.0-c006 79.164753, 2021/02/15-11:52:13        "
ACC-Daily-Digital-Technology-Trends-Spring-2018.pdf,,,,,,,,,,,,,,,,,2018:09:12 08:54:48-05:00,,Adobe InDesign CC 13.0 (Macintosh),Adobe InDesign CC 13.0 (Macintosh),xmp.did:fd0c1af1-5f31-4a21-8711-b8b71281f463,xmp.iid:05587f44-c470-4ce8-a792-d1283f2895de,xmp.did:f9bcc247-c1c8-4a56-9d5f-0fd3b3094dc8,default,,,,,,.,xmp.id:c20c8bd4-b0d3-4644-bfa9-4d3ac780accb,12.70,2024:04:17 17:15:14-04:00,2024:04:17 17:15:14-04:00,2024:04:17 17:15:14-04:00,ACC-Daily-Digital-Technology-Trends-Spring-2018.pdf,-rw-r--r--,95 kB,PDF,pdf,application/pdf,,,,,converted,/,from application/x-indesign to application/pdf,Adobe InDesign CC 13.0 (Macintosh),2018:09:12 08:54:48-05:00,uuid:98e67fd0-642b-fc45-91f9-3f0610c3f99e,en-US,Yes,,,,,,,,,2018:09:12 08:54:48-05:00,application/pdf,,2018:09:12 08:54:48-05:00,xmp.did:f9bcc247-c1c8-4a56-9d5f-0fd3b3094dc8,3,,,1.4,,Adobe PDF Library 15.0,,,,,,,,,,,,,,,,,,,,,,,,,,,,,,,,,,,,,,,,,,,,,,proof:pdf,,,,Yes,,,False,,,,,,"Adobe XMP Core 5.6-c143 79.161210, 2017/08/11-10:28:36        "
acc-ems.pdf,,,,,,,,,,,,,,,,,2022:05:03 14:43:38-05:00,,Adobe InDesign 17.2 (Macintosh),Adobe InDesign 17.2 (Macintosh),xmp.did:b85d9198-0568-1b40-8c47-0ef7af7cda72,xmp.iid:7b9e8300-0a91-4d19-adcf-01776d8d0927,xmp.did:ED7F117407206811A613FA504C9172A6,default,,,,,,.,xmp.id:3b57f50f-0183-4666-b844-e0bf961f0850,12.70,2024:04:17 17:14:54-04:00,2024:04:17 17:14:54-04:00,2024:04:17 17:14:54-04:00,acc-ems.pdf,-rw-r--r--,2.5 MB,PDF,pdf,application/pdf,,,,,converted,/,from application/x-indesign to application/pdf,Adobe InDesign 17.2 (Macintosh),2022:05:03 14:43:38-05:00,uuid:37594a13-4b90-1441-a95d-91272e9dcefa,en-US,Yes,,,,,,,,,2022:05:03 14:43:42-05:00,application/pdf,,2022:05:03 14:43:42-05:00,xmp.did:ED7F117407206811A613FA504C9172A6,6,,,1.4,,Adobe PDF Library 16.0.7,,,,,,,,,,,,,,,,,,,,,,,,,,,,,,,,,,,,,,,,,,,,,,proof:pdf,,,,Yes,,,False,,,,,,"Adobe XMP Core 7.1-c000 79.83fae64, 2022/02/15-08:07:32        "
ACC_ESG_2022_Environment.pdf,,,,,,,,,,,,,,,,,2023:08:31 13:09:39-05:00,,Adobe InDesign 18.5 (Macintosh),Adobe InDesign 18.5 (Macintosh),,,,,,,,,,.,uuid:598cb75f-f17a-9d4b-a8e2-2485bef43964,12.70,2024:04:17 17:14:48-04:00,2024:04:17 17:14:49-04:00,2024:04:17 17:14:49-04:00,ACC_ESG_2022_Environment.pdf,-rw-r--r--,7.1 MB,PDF,pdf,application/pdf,,,,,,,,,,uuid:7946473c-f43b-6d48-9ed8-caf3a87e00ec,,Yes,,,,,,,,,2023:08:31 13:10:04-05:00,application/pdf,,2023:08:31 13:10:04-05:00,,22,,,1.7,,Adobe PDF Library 17.0,,,,,,,,,,,,,,,,,,,,,,,,,,,,,,,,,,,,,,,,,,,,,,,,,,,,,,,,,,,"Adobe XMP Core 9.1-c001 79.2a0d8d9, 2023/03/14-11:19:46        "
ACC_ESG_2022_FullReport.pdf,,,,,,,,,,,,,,,,,2023:08:30 10:19:02-05:00,,Adobe InDesign 18.5 (Macintosh),Adobe InDesign 18.5 (Macintosh),xmp.did:bee4633c-a408-4ba7-a810-058b2350035c,xmp.iid:784d4b0e-4112-464d-98f0-9465b605288b,xmp.did:781dd8b9-756f-4965-b0a4-5e5c15bb60cf,default,,,,,,.,xmp.id:02daac8c-29dd-4b26-b98a-4b6a09c40541,12.70,2024:04:17 17:14:49-04:00,2024:04:17 17:14:50-04:00,2024:04:17 17:14:50-04:00,ACC_ESG_2022_FullReport.pdf,-rw-r--r--,18 MB,PDF,pdf,application/pdf,,,,,converted,/,from application/x-indesign to application/pdf,Adobe InDesign 18.5 (Macintosh),2023:08:30 10:19:02-05:00,uuid:561e9751-b932-9246-872b-06228ef1e302,en-US,Yes,,,,,,,,,2023:08:30 10:26:21-05:00,application/pdf,,2023:08:30 10:26:21-05:00,xmp.did:781dd8b9-756f-4965-b0a4-5e5c15bb60cf,67,,,1.7,,Adobe PDF Library 17.0,,,,,,,,,,,,,,,,,,,,,,,,,,,,,,,,,,,,,,,,,,,,,,proof:pdf,,,,,,,False,,,,,,"Adobe XMP Core 9.1-c001 79.2a0d8d9, 2023/03/14-11:19:46        "
ACC_ESG_2022_Governance.pdf,,,,,,0.14307 0.06061 0.7141,"(Binary data 2060 bytes, use -b option to extract)",,,,,"Not Embedded, Independent","RGB ",,,0.9642 1 0.82491,2023:08:31 13:11:04-05:00,,Adobe InDesign 18.5 (Macintosh),Adobe InDesign 18.5 (Macintosh),,,,,"Reflective, Glossy, Positive, Color",Hewlett-Packard,IEC http://www.iec.ch,sRGB,IEC 61966-2.1 Default RGB colour space - sRGB,.,uuid:0d077574-3d18-504a-9bc1-9d4c5ef0688d,12.70,2024:04:17 17:14:47-04:00,2024:04:17 17:14:48-04:00,2024:04:17 17:14:48-04:00,ACC_ESG_2022_Governance.pdf,-rw-r--r--,1447 kB,PDF,pdf,application/pdf,,0.38515 0.71687 0.09708,"(Binary data 2060 bytes, use -b option to extract)",,,,,,,uuid:06cab492-caab-6f42-9c2a-2669074b607f,,Yes,76.03647 80 87.12462,0 0 0,0.999%,Unknown,D65,CIE 1931,0 0 0,0.95045 1 1.08905,2023:08:31 13:11:19-05:00,application/pdf,,2023:08:31 13:11:19-05:00,,6,,,1.7,Microsoft Corporation,Adobe PDF Library 17.0,Display Device Profile,Linotronic,"XYZ ",Copyright (c) 1998 Hewlett-Packard Company,Hewlett-Packard,1998:02:09 06:49:00,sRGB IEC61966-2.1,,,,,,,,,,,,,,,,,,,,,,,,,,,,,,,,acsp,0,2.1.0,,0.43607 0.22249 0.01392,"(Binary data 2060 bytes, use -b option to extract)",Perceptual,,,,,,Cathode Ray Tube Display,,,,Reference Viewing Condition in IEC61966-2.1,19.6445 20.3718 16.8089,D50,3.92889 4.07439 3.36179,"Adobe XMP Core 9.1-c001 79.2a0d8d9, 2023/03/14-11:19:46        "
ACC_ESG_2022_Social.pdf,,,,,,,,,,,,,,,,,2023:08:31 13:10:26-05:00,,Adobe InDesign 18.5 (Macintosh),Adobe InDesign 18.5 (Macintosh),,,,,,,,,,.,uuid:bf6fab08-0de0-a348-8431-889a1566d5fb,12.70,2024:04:17 17:14:46-04:00,2024:04:17 17:14:47-04:00,2024:04:17 17:14:47-04:00,ACC_ESG_2022_Social.pdf,-rw-r--r--,5.0 MB,PDF,pdf,application/pdf,,,,,,,,,,uuid:b2e82788-f5ec-914a-95ad-534e777de7a8,,Yes,,,,,,,,,2023:08:31 13:10:46-05:00,application/pdf,,2023:08:31 13:10:46-05:00,,23,,,1.7,,Adobe PDF Library 17.0,,,,,,,,,,,,,,,,,,,,,,,,,,,,,,,,,,,,,,,,,,,,,,,,,,,,,,,,,,,"Adobe XMP Core 9.1-c001 79.2a0d8d9, 2023/03/14-11:19:46        "
ACC_ESG_2022_WhoWeAre.pdf,,,,,,0.14307 0.06061 0.7141,"(Binary data 2060 bytes, use -b option to extract)",,,,,"Not Embedded, Independent","RGB ",,,0.9642 1 0.82491,2023:08:31 13:08:49-05:00,,Adobe InDesign 18.5 (Macintosh),Adobe InDesign 18.5 (Macintosh),,,,,"Reflective, Glossy, Positive, Color",Hewlett-Packard,IEC http://www.iec.ch,sRGB,IEC 61966-2.1 Default RGB colour space - sRGB,.,uuid:dbb28c92-9ff9-9945-aecc-af224bc03fa0,12.70,2024:04:17 17:14:51-04:00,2024:04:17 17:14:51-04:00,2024:04:17 17:14:51-04:00,ACC_ESG_2022_WhoWeAre.pdf,-rw-r--r--,2.2 MB,PDF,pdf,application/pdf,,0.38515 0.71687 0.09708,"(Binary data 2060 bytes, use -b option to extract)",,,,,,,uuid:8a6e925b-3260-7e42-b769-b938b5ce6e00,,Yes,76.03647 80 87.12462,0 0 0,0.999%,Unknown,D65,CIE 1931,0 0 0,0.95045 1 1.08905,2023:08:31 13:09:18-05:00,application/pdf,,2023:08:31 13:09:18-05:00,,9,,,1.7,Microsoft Corporation,Adobe PDF Library 17.0,Display Device Profile,Linotronic,"XYZ ",Copyright (c) 1998 Hewlett-Packard Company,Hewlett-Packard,1998:02:09 06:49:00,sRGB IEC61966-2.1,,,,,,,,,,,,,,,,,,,,,,,,,,,,,,,,acsp,0,2.1.0,,0.43607 0.22249 0.01392,"(Binary data 2060 bytes, use -b option to extract)",Perceptual,,,,,,Cathode Ray Tube Display,,,,Reference Viewing Condition in IEC61966-2.1,19.6445 20.3718 16.8089,D50,3.92889 4.07439 3.36179,"Adobe XMP Core 9.1-c001 79.2a0d8d9, 2023/03/14-11:19:46        "
ACC-HHAY-Survey-Report-Oct-2020.pdf,,"(Binary data 31078 bytes, use -b option to extract)","(Binary data 31078 bytes, use -b option to extract)","(Binary data 31078 bytes, use -b option to extract)",,,,"(Binary data 1648 bytes, use -b option to extract)","(Binary data 1648 bytes, use -b option to extract)","(Binary data 1648 bytes, use -b option to extract)",1.04788 0.02292 -0.0502 0.02959 0.99048 -0.01706 -0.00923 0.01508 0.75168,"Not Embedded, Independent","RGB ",,,0.9642 1 0.82491,2020:10:07 14:23:21-05:00,,Adobe InDesign 15.1 (Macintosh),Adobe InDesign 15.1 (Macintosh),xmp.did:cbeba15a-b013-490d-b636-bf24021e138b,xmp.iid:78268d9a-bad6-44f0-b3a2-c5f992bf1864,xmp.did:F87F11740720681192B0ADEEEDCF4CDE,default,"Reflective, Glossy, Positive, Color",Apple Computer Inc.,,,,.,xmp.id:ebed48ce-543f-4fb4-8da4-e05bbfb60f6f,12.70,2024:04:17 17:15:21-04:00,2024:04:17 17:15:23-04:00,2024:04:17 17:15:23-04:00,ACC-HHAY-Survey-Report-Oct-2020.pdf,-rw-r--r--,4.0 MB,PDF,pdf,application/pdf,"(Binary data 10018 bytes, use -b option to extract)",,,,converted,/,from application/x-indesign to application/pdf,Adobe InDesign 15.1 (Macintosh),2020:10:07 14:23:21-05:00,uuid:0054de55-06cd-1b4d-a455-300e671a16c4,en-US,Yes,,,,,,,,0.95045 1 1.08905,2020:10:07 14:23:35-05:00,application/pdf,,2020:10:07 14:23:35-05:00,xmp.did:F87F11740720681192B0ADEEEDCF4CDE,9,,,1.4,Apple Computer Inc.,Adobe PDF Library 15.0,Output Device Profile,Apple Computer Inc.,"XYZ ","Copyright Apple Inc., 2017 - Modified by ACE",Apple Computer Inc.,2017:07:07 13:22:32,Modified Display P3,,,,,,,,,,,,,,,,,,,,,,,,,,,,,,,,acsp,0,2.4.0,5,,,Perceptual,proof:pdf,,,,Yes,,,False,,,,,,"Adobe XMP Core 6.0-c002 79.164360, 2020/02/13-01:07:22        "
AF-CUBE3-Homes-CASA-AF-C3S-Executed_05-20-2019,,,,,,,,,,,,,,,B,,2019:05:20 11:48:23-04:00,,VersaLink C7030,VersaLink C7030,,,,,,,,,,.,uuid:2b36c40f-2cf3-469b-b4ae-547607e271af,12.70,2024:04:17 17:15:16-04:00,2024:04:17 17:15:16-04:00,2024:04:17 17:15:16-04:00,AF-CUBE3-Homes-CASA-AF-C3S-Executed_05-20-2019,-rw-r--r--,97 kB,PDF,pdf,application/pdf,,,,,,,,,,uuid:8f043548-be57-4f59-914f-84299704c459,,Yes,,,,,,,,,2019:05:22 15:26:10-04:00,application/pdf,,2019:05:22 15:26:10-04:00,,4,,1,1.4,,VersaLink C7030,,,,,,,,,,,,,,,,,,,,,,,,,,,,,,,,,,,,,,,,,,,,,,,,,,,,,,,,,,,"Adobe XMP Core 5.6-c016 91.163616, 2018/10/29-16:58:49        "
AF-CW-CASA-LEED-Mid-rise-051719_CWDG,,,,,Mark Price 1,,,,,,,,,,,,2019:05:17 15:39:01-04:00,,Mark Price 1,PScript5.dll Version 5.2.2,,,,,,,,,,.,uuid:8b71940a-851d-47f5-b05f-444113d5a24f,12.70,2024:04:17 17:15:10-04:00,2024:04:17 17:15:10-04:00,2024:04:17 17:15:10-04:00,AF-CW-CASA-LEED-Mid-rise-051719_CWDG,-rw-r--r--,317 kB,PDF,pdf,application/pdf,,,,,,,,,,uuid:aed2245b-67c6-411d-86a2-735a7e0c72f7,,Yes,,,,,,,,,2019:05:22 16:08:23-04:00,application/pdf,,2019:05:22 16:08:23-04:00,,6,,,1.6,,Acrobat Distiller 19.0 (Windows),,,,,,,,,,,,,,,,,,,,,,,,,,,,,,,,,,,,,,,,,,,,,,,,,,,,PSA CASA CUBE3 LEED Mid-rise Submission Tracking 051619.xls,,,,,,,"Adobe XMP Core 5.6-c016 91.163616, 2018/10/29-16:58:49        "
AF-JMA-Accountability-Form-JMA-signed-5-21-19,,,,,,,,,,,,,,,,,2019:05:21 14:21:13Z,,,,,,,,,,,,,.,uuid:a788973c-ca11-4fe0-a491-72faf70cc44d,12.70,2024:04:17 17:15:20-04:00,2024:04:17 17:15:20-04:00,2024:04:17 17:15:20-04:00,AF-JMA-Accountability-Form-JMA-signed-5-21-19,-rw-r--r--,241 kB,PDF,pdf,application/pdf,,,,,,,,,,uuid:8710ae4c-410e-4ccf-8192-62b34a8b5fcd,,Yes,,,,,,,,,2019:05:21 15:51:42-04:00,application/pdf,,2019:05:21 15:51:42-04:00,,4,,,1.4,,,,,,,,,,,,,,,,,,,,,,,,,,,,,,,,,,,,,,,,,,,,,,,,,,,,,,,,,,,,,"Adobe XMP Core 5.6-c016 91.163616, 2018/10/29-16:58:49        "
AF-Nitsch-Homes-CASA-AF-Nitsch-Executed_05-30-2019,,,,,,,,,,,,,,,,,2019:05:30 16:09:12-05:00,,TOSHIBA e-STUDIO6550C,TOSHIBA e-STUDIO6550C,,,,,,,,,,.,uuid:9614fd07-988e-4246-a03d-5b2e090ecbf5,12.70,2024:04:17 17:15:23-04:00,2024:04:17 17:15:23-04:00,2024:04:17 17:15:23-04:00,AF-Nitsch-Homes-CASA-AF-Nitsch-Executed_05-30-2019,-rw-r--r--,629 kB,PDF,pdf,application/pdf,,,,,,,,,,uuid:a54a28c6-27ad-45a0-9296-f3ba740b7986,,Yes,,,,,,,,,2019:05:30 16:12:58-04:00,application/pdf,,2019:05:30 16:12:58-04:00,,4,,,1.7,,SECnvtToPDF V1.0,,,,,,,,,,,,,,,,,,,,,,,,,,,,,,,,,,,,,,,,,,,,,,,,,,,,,,,,,,,"Adobe XMP Core 5.6-c016 91.163616, 2018/10/29-16:58:49        "
AF-Northstar-AF-KL-052219,,,,,Mark Price 1,,,,,,,,,,,,2019:05:17 15:39:01-04:00,,Mark Price 1,PScript5.dll Version 5.2.2,,,,,,,,,,.,uuid:8b71940a-851d-47f5-b05f-444113d5a24f,12.70,2024:04:17 17:15:03-04:00,2024:04:17 17:15:04-04:00,2024:04:17 17:15:04-04:00,AF-Northstar-AF-KL-052219,-rw-r--r--,267 kB,PDF,pdf,application/pdf,,,,,,,,,,uuid:d8ef3d7d-2755-481d-bab5-dca64d1bb7a3,,Yes,,,,,,,,,2019:05:22 22:02:07-04:00,application/pdf,,2019:05:22 22:02:07-04:00,,4,,,1.6,,Acrobat Distiller 19.0 (Windows),,,,,,,,,,,,,,,,,,,,,,,,,,,,,,,,,,,,,,,,,,,,,,,,,,,,PSA CASA CUBE3 LEED Mid-rise Submission Tracking 051619.xls,,,,,,,"Adobe XMP Core 5.6-c016 91.163616, 2018/10/29-16:58:49        "
AKF-AF-SKonicaMA219052010450-052019,,,,,,,,,,,,,,,,,2019:05:20 10:45:17-05:00,,KM_C364e,KM_C364e,uuid:6b8d88fb-07e3-140a-2d11-046bb7387c6b,uuid:6b8d88fb-07e3-140a-2d11-046bb7387c6b,,,,,,,,.,uuid:6b8d88fb07e3140a2d11046bb7387c6b,12.70,2024:04:17 17:14:57-04:00,2024:04:17 17:14:57-04:00,2024:04:17 17:14:57-04:00,AKF-AF-SKonicaMA219052010450-052019,-rw-r--r--,1349 kB,PDF,pdf,application/pdf,,,,,,,,,,uuid:fae269c9-d1be-4d86-b319-55177d7a8b98,,Yes,,,,,,,,,2019:05:22 16:12:38-04:00,application/pdf,,2019:05:22 16:12:38-04:00,,4,,,1.4,,KONICA MINOLTA bizhub C364e,,,,,,,,,,,,,,,,,,,,,,,,,,,,,,,,,,,,,,,,,,,,,,default,,,,,,KM_C364e-20190520104517,,1,,,,,"Adobe XMP Core 5.6-c016 91.163616, 2018/10/29-16:58:49        "
CA-Recruitment-8-5x5-5-Brochure-2017,,,,,,,,,,,,,,,,,2017:02:28 08:51-06:00,,Adobe InDesign CC 2017 (Macintosh),Adobe InDesign CC 2017 (Macintosh),xmp.did:d04f02ef-acb2-4979-b5af-0ce31700df06,xmp.iid:d04f02ef-acb2-4979-b5af-0ce31700df06,xmp.did:974EB08120206811822AFE636C0B23DA,default,,,,,,.,xmp.id:10ed02bd-fd2f-4c13-9f39-a321e45d799a,12.70,2024:04:17 17:15:11-04:00,2024:04:17 17:15:13-04:00,2024:04:17 17:15:13-04:00,CA-Recruitment-8-5x5-5-Brochure-2017,-rw-r--r--,3.4 MB,PDF,pdf,application/pdf,,,,,converted,/,from application/x-indesign to application/pdf,Adobe InDesign CC 2017 (Macintosh),2017:02:28 08:51-06:00,uuid:60a89b77-2453-2845-a51f-9473b855a62e,en-US,Yes,,,,,,,,,2017:02:28 08:51:08-06:00,application/pdf,,2017:02:28 08:51:08-06:00,xmp.did:974EB08120206811822AFE636C0B23DA,3,,,1.4,,Adobe PDF Library 15.0,,,,,,,,,,,,,,,,,,,,,,,,,,,,,,,,,,,,,,,,,,,,,,proof:pdf,,,,Yes,,,False,,,,,,"Adobe XMP Core 5.6-c137 79.159768, 2016/08/11-13:24:42        "
Chestnut-Square-Sample-Lease-24_25.pdf,,,,,Eleni Drakatos,,,,,,,,,,,,2024:01:18 11:04:13-06:00,,Eleni Drakatos,Acrobat PDFMaker 23 for Word,,,,,,,,,,.,uuid:9ce22573-0ab6-40ad-ac51-5557f3464676,12.70,2024:04:17 17:15:07-04:00,2024:04:17 17:15:07-04:00,2024:04:17 17:15:07-04:00,Chestnut-Square-Sample-Lease-24_25.pdf,-rw-r--r--,740 kB,PDF,pdf,application/pdf,,,,,,,,,,uuid:f7bd7bb8-bc78-433c-a52f-f556822d7c98,,Yes,,,,,,,,,2024:01:18 11:04:13-06:00,application/pdf,,2024:01:18 11:04:13-06:00,,28,,,1.6,,Adobe PDF Library 23.8.246,,,,,,,,,,,,,,,,,,,,,,,,,,,,,,,,,,,,,,,,,,,,,,,,,,Yes,,,,,,,,,"Adobe XMP Core 9.1-c001 79.675d0f7, 2023/06/11-19:21:16        "
chestnut-square-sample-lease-agreement.pdf,,,,,Eleni Drakatos,,,,,,,,,,,,2023:01:06 13:02:07-06:00,,Eleni Drakatos,Microsoft® Word for Microsoft 365,,,,,,,,,,.,uuid:0b207bf1-6ae9-4fb0-aaf9-269bad1fa2f2,12.70,2024:04:17 17:15:05-04:00,2024:04:17 17:15:05-04:00,2024:04:17 17:15:05-04:00,chestnut-square-sample-lease-agreement.pdf,-rw-r--r--,1108 kB,PDF,pdf,application/pdf,,,,,,,,,,uuid:adc1f946-7776-419e-9718-da7627276040,,Yes,,,,,,,,,2023:01:06 13:02:07-06:00,application/pdf,,2023:01:06 13:02:07-06:00,,26,,,1.7,,Microsoft® Word for Microsoft 365,,,,,,,,,,,,,,,,,,,,,,,,,,,,,,,,,,,,,,,,,,,,,,,,,,Yes,,,,,,,,,"Adobe XMP Core 8.0-c001 79.328f76e, 2022/08/01-19:10:29        "
Dolphin-Cove-Handbook-Fall-2016,,,,,ACC,,,,,,,,,,,,2016:08:11 10:57:10-04:00,,Microsoft® Word 2010,,,,,,,,,,,.,,12.70,2024:04:17 17:15:04-04:00,2024:04:17 17:15:04-04:00,2024:04:17 17:15:04-04:00,Dolphin-Cove-Handbook-Fall-2016,-rw-r--r--,2.7 MB,PDF,pdf,,,,,,,,,,,,en-US,No,,,,,,,,,,application/pdf,,2016:08:11 10:57:10-04:00,,72,,,1.5,,Microsoft® Word 2010,,,,,,,,,,,,,,,,,,,,,,,,,,,,,,,,,,,,,,,,,,,,,,,,,,Yes,,,,,,,,,
ESG-Policy.pdf,,,,,,0.14307 0.06061 0.7141,"(Binary data 2060 bytes, use -b option to extract)",,,,,"Not Embedded, Independent","RGB ",,,0.9642 1 0.82491,2023:06:30 09:42:49-07:00,,Adobe InDesign 18.3 (Macintosh),Adobe InDesign 18.3 (Macintosh),xmp.did:b85d9198-0568-1b40-8c47-0ef7af7cda72,xmp.iid:eaf6e159-ed85-497b-9fc0-4fac147589d8,xmp.did:ED7F117407206811A613FA504C9172A6,default,"Reflective, Glossy, Positive, Color",Hewlett-Packard,IEC http://www.iec.ch,sRGB,IEC 61966-2.1 Default RGB colour space - sRGB,.,xmp.id:b86bd61b-ca5d-467b-9fce-96299b3eb058,12.70,2024:04:17 17:14:53-04:00,2024:04:17 17:14:54-04:00,2024:04:17 17:14:54-04:00,ESG-Policy.pdf,-rw-r--r--,3.1 MB,PDF,pdf,application/pdf,,0.38515 0.71687 0.09708,"(Binary data 2060 bytes, use -b option to extract)",,converted,/,from application/x-indesign to application/pdf,Adobe InDesign 18.3 (Macintosh),2023:06:30 09:42:49-07:00,uuid:a0b69866-5e67-9747-ae00-7a4d00da78f0,en-US,Yes,76.03647 80 87.12462,0 0 0,0.999%,Unknown,D65,CIE 1931,0 0 0,0.95045 1 1.08905,2023:06:30 09:43:04-07:00,application/pdf,,2023:06:30 09:43:04-07:00,xmp.did:ED7F117407206811A613FA504C9172A6,10,,,1.7,Microsoft Corporation,Adobe PDF Library 17.0,Display Device Profile,Linotronic,"XYZ ",Copyright (c) 1998 Hewlett-Packard Company,Hewlett-Packard,1998:02:09 06:49:00,sRGB IEC61966-2.1,,,,,,,,,,,,,,,,,,,,,,,,,,,,,,,,acsp,0,2.1.0,,0.43607 0.22249 0.01392,"(Binary data 2060 bytes, use -b option to extract)",Perceptual,proof:pdf,,,,,Cathode Ray Tube Display,,False,,Reference Viewing Condition in IEC61966-2.1,19.6445 20.3718 16.8089,D50,3.92889 4.07439 3.36179,"Adobe XMP Core 9.0-c001 79.14ecb42, 2022/12/02-19:12:44        "
Fall-2021-Mental-Wellness-Report.pdf,,,,,,0.14307 0.06061 0.7141,"(Binary data 2060 bytes, use -b option to extract)",,,,,"Not Embedded, Independent","RGB ",,,0.9642 1 0.82491,2021:10:20 17:45:30-05:00,,Adobe InDesign 16.4 (Macintosh),Adobe InDesign 16.4 (Macintosh),xmp.did:cbeba15a-b013-490d-b636-bf24021e138b,xmp.iid:56b5f80f-38e6-4c6b-ac39-904840e90ce8,xmp.did:F87F11740720681192B0ADEEEDCF4CDE,default,"Reflective, Glossy, Positive, Color",Hewlett-Packard,IEC http://www.iec.ch,sRGB,IEC 61966-2.1 Default RGB colour space - sRGB,.,xmp.id:a4097562-8f26-4d48-aa9f-580628bdd871,12.70,2024:04:17 17:15:18-04:00,2024:04:17 17:15:19-04:00,2024:04:17 17:15:19-04:00,Fall-2021-Mental-Wellness-Report.pdf,-rw-r--r--,7.7 MB,PDF,pdf,application/pdf,,0.38515 0.71687 0.09708,"(Binary data 2060 bytes, use -b option to extract)",,converted,/,from application/x-indesign to application/pdf,Adobe InDesign 16.4 (Macintosh),2021:10:20 17:45:30-05:00,uuid:b2cd8013-2cb5-5940-b9b5-cb66cb09c671,en-US,Yes,76.03647 80 87.12462,0 0 0,0.999%,Unknown,D65,CIE 1931,0 0 0,0.95045 1 1.08905,2021:10:25 09:41:12-05:00,application/pdf,,2021:10:25 09:41:12-05:00,xmp.did:F87F11740720681192B0ADEEEDCF4CDE,10,,,1.7,Microsoft Corporation,Adobe PDF Library 16.0,Display Device Profile,Linotronic,"XYZ ",Copyright (c) 1998 Hewlett-Packard Company,Hewlett-Packard,1998:02:09 06:49:00,sRGB IEC61966-2.1,,,,,,,,,,,,,,,,,,,,,,,,,,,,,,,,acsp,0,2.1.0,5,0.43607 0.22249 0.01392,"(Binary data 2060 bytes, use -b option to extract)",Perceptual,proof:pdf,,,,,Cathode Ray Tube Display,,False,,Reference Viewing Condition in IEC61966-2.1,19.6445 20.3718 16.8089,D50,3.92889 4.07439 3.36179,"Adobe XMP Core 7.0-c000 79.1357c9e, 2021/07/14-00:39:56        "
GE-Operation-Manual-ADA-Built-In-Wall-Oven,,,,,,,,,,,,,,,,,2016:08:03 15:37:35-04:00,,Adobe InDesign CS6 (Windows),Adobe InDesign CS6 (Windows),xmp.did:A298A2DBE458E611BD3486097BD4F567,xmp.iid:C63F6FCAF258E611BD3486097BD4F567,xmp.did:75EFA8C233B4DF11AFA7AD48E856A707,default,,,,,,.,xmp.id:9588CD33B059E611A953B6554C599689,12.70,2024:04:17 17:15:15-04:00,2024:04:17 17:15:15-04:00,2024:04:17 17:15:15-04:00,GE-Operation-Manual-ADA-Built-In-Wall-Oven,-rw-r--r--,296 kB,PDF,pdf,application/pdf,,,,,converted,/,from application/x-indesign to application/pdf,Adobe InDesign CS6 (Windows),2016:08:03 15:31:49-04:00,uuid:747707ef-efe6-4a7d-9a30-04643a139690,,Yes,,,,,,,,,2016:09:22 11:51:34-04:00,application/pdf,,2016:09:22 11:51:34-04:00,xmp.did:75EFA8C233B4DF11AFA7AD48E856A707,32,,,1.5,,Acrobat Distiller 10.1.16 (Windows),,,,,,,,,,,,,,,,,,,,,,,,,,,,,,,,,,,,,,,,,,,,,,proof:pdf,,,,,,untitled,False,,,,,,"Adobe XMP Core 5.2-c001 63.139439, 2010/09/27-13:37:26        "
GE-Operation-Manual-Dishwashers,,,,,220041927,,,,,,,,,,,,2019:04:20 19:34:54-04:00,,220041927,Adobe InDesign 14.0 (Windows),,,,,,,,,,.,uuid:4a57cd7a-6bdd-4259-a1ab-e09b75f7582b,12.70,2024:04:17 17:14:58-04:00,2024:04:17 17:15:00-04:00,2024:04:17 17:15:00-04:00,GE-Operation-Manual-Dishwashers,-rw-r--r--,6.6 MB,PDF,pdf,application/pdf,,,,,,,,,,uuid:de4ad6b3-5f22-4dc2-9b99-cfc8cfc683c1,,Yes,,,,,,,,,2019:04:20 19:34:02-04:00,application/pdf,,2019:04:20 19:34:54-04:00,,56,,,1.6,,Acrobat Distiller 19.0 (Windows),,,,,,,,,,,,,,,,,,,,,,,,,,,,,,,,,,,,,,,,,,,,,,,,,,,,49-55124-3_LoRes.pdf,,,,,,,"Adobe XMP Core 5.6-c016 91.163616, 2018/10/29-16:58:49        "
GE-Operation-Manual-Ranges,,,,,,,,,,,,,,,,,2018:01:23 09:04:07-05:00,,Adobe InDesign CC 13.0 (Windows),Adobe InDesign CC 13.0 (Windows),,,,,,,,,,.,uuid:c2b2772c-759a-49ee-b9c1-1c4ebe4ec379,12.70,2024:04:17 17:15:00-04:00,2024:04:17 17:15:01-04:00,2024:04:17 17:15:01-04:00,GE-Operation-Manual-Ranges,-rw-r--r--,757 kB,PDF,pdf,application/pdf,,,,,,,,,,uuid:a5e0dd8d-76c7-4a30-a8f0-e17dc5ef003e,,Yes,,,,,,,,,2018:01:23 09:03:11-05:00,application/pdf,,2018:01:23 09:04:07-05:00,,64,,,1.5,,Acrobat Distiller 18.0 (Windows),,,,,,,,,,,,,,,,,,,,,,,,,,,,,,,,,,,,,,,,,,,,,,,,,,,,untitled,,,,,,,"Adobe XMP Core 5.6-c015 84.159810, 2016/09/10-02:41:30        "
How-to-make-a-payment-updated-5-3-2022-_2_.pdf,,,,,Sales Granville,,,,,,,,,,,,2021:04:05 14:14:02-04:00,,Sales Granville,Microsoft® Word 2019,,,,,,,,,,.,uuid:E9D481B5-B575-4A4C-963C-0482F25CA3E4,12.70,2024:04:17 17:15:28-04:00,2024:04:17 17:15:29-04:00,2024:04:17 17:15:29-04:00,How-to-make-a-payment-updated-5-3-2022-_2_.pdf,-rw-r--r--,453 kB,PDF,pdf,,,,,No,,,,,,uuid:E9D481B5-B575-4A4C-963C-0482F25CA3E4,en-US,No,,,,,,,,,,application/pdf,,2021:04:05 14:14:02-04:00,,3,,,1.7,,Microsoft® Word 2019,,,,,,,,,,,,,,,,,,,,,,,,,,,,,,,,,,,,,,,,,,,,,,,,,,Yes,,,,,,,,,3.1-701
PSA-CASA-DIChk-053019,,,,,,,,,,,,,,,,,2019:05:30 19:27:22Z,,,,,,,,,,,,,.,,12.70,2024:04:17 17:14:55-04:00,2024:04:17 17:14:57-04:00,2024:04:17 17:14:57-04:00,PSA-CASA-DIChk-053019,-rw-r--r--,6.8 MB,PDF,pdf,,,,,,,,,,,,,No,,,,,,,,,,application/pdf,,2019:05:30 19:27:22Z,,4,,,1.3,,Mac OS X 10.10.5 Quartz PDFContext,,,,,,,,,,,,,,,,,,,,,,,,,,,,,,,,,,,,,,,,,,,,,,,,,,,,,,,,,,,
PSA-NU-Lightview-CUBE3-Simple-Chklst-053019,,,,,Mark Price 1,,,,,,,,,,,,2019:05:30 15:50:52-04:00,,Mark Price 1,PScript5.dll Version 5.2.2,,,,,,,,,,.,uuid:f86f010b-aecd-41c2-8bf4-3b674b702546,12.70,2024:04:17 17:15:11-04:00,2024:04:17 17:15:11-04:00,2024:04:17 17:15:11-04:00,PSA-NU-Lightview-CUBE3-Simple-Chklst-053019,-rw-r--r--,151 kB,PDF,pdf,application/pdf,,,,,,,,,,uuid:e1970e82-042c-4fe3-97e6-74f98510cc1c,,Yes,,,,,,,,,,application/pdf,,2019:05:30 15:50:52-04:00,,2,,,1.6,,Acrobat Distiller 19.0 (Windows),,,,,,,,,,,,,,,,,,,,,,,,,,,,,,,,,,,,,,,,,,,,,,,,,,,,PSA CASA CUBE3 LEED Mid-rise BPDA FINAL 053019.xls,,,,,,,"Adobe XMP Core 5.6-c016 91.163616, 2018/10/29-16:58:49        "
Resident-Portal-Payment-Instructions-(1).pdf,,,,,dbinkley,,,,,,,,,,,,2020:02:25 12:59:21-06:00,,dbinkley,MicrosoftÂ® Word for Office 365,,,,,,,,,,.,uuid:282d556b-b3fe-11b2-0a00-69983c647348,12.70,2024:04:17 17:15:14-04:00,2024:04:17 17:15:14-04:00,2024:04:17 17:15:14-04:00,Resident-Portal-Payment-Instructions-(1).pdf,-rw-r--r--,824 kB,PDF,pdf,application/pdf,,,,,,,,,,uuid:282d6635-b3fe-11b2-0a00-e3a9e27946e1,,Yes,,,,,,,,,2022:04:28 15:44:55Z,application/pdf,,2022:04:28 15:44:55Z,,11,,,1.7,,MicrosoftÂ® Word for Office 365,,,,,,,,,,,,,,,,,,,,,,,,,,,,,,,,,,,,,,,,,,,,,,,,,,Yes,,Community Portal Guide for Internal Employees,,,,,,,"Adobe XMP Core 7.1-c000 79.a8731b9, 2021/09/09-00:37:38        "
The-Summit-at-University-City-Sample-Lease-24_25.pdf,,,,,Eleni Drakatos,,,,,,,,,,,,2024:01:18 14:41:41-06:00,,Eleni Drakatos,Acrobat PDFMaker 23 for Word,,,,,,,,,,.,uuid:8af0d5a3-599b-4b81-9645-444419d1c9d1,12.70,2024:04:17 17:15:20-04:00,2024:04:17 17:15:20-04:00,2024:04:17 17:15:20-04:00,The-Summit-at-University-City-Sample-Lease-24_25.pdf,-rw-r--r--,741 kB,PDF,pdf,application/pdf,,,,,,,,,,uuid:b310bd54-8c92-4be1-b3dc-979938ec1f6b,,Yes,,,,,,,,,2024:01:18 14:41:41-06:00,application/pdf,,2024:01:18 14:41:41-06:00,,28,,,1.6,,Adobe PDF Library 23.8.246,,,,,,,,,,,,,,,,,,,,,,,,,,,,,,,,,,,,,,,,,,,,,,,,,,Yes,,,,,,,,,"Adobe XMP Core 9.1-c001 79.675d0f7, 2023/06/11-19:21:16        "
the-summit-at-university-city-sample-lease-agreement.pdf,,,,,Eleni Drakatos,,,,,,,,,,,,2023:01:06 13:07:40-06:00,,Eleni Drakatos,Microsoft® Word for Microsoft 365,,,,,,,,,,.,uuid:68a913cf-1111-411a-a4e1-7770ea1a8caa,12.70,2024:04:17 17:15:17-04:00,2024:04:17 17:15:17-04:00,2024:04:17 17:15:17-04:00,the-summit-at-university-city-sample-lease-agreement.pdf,-rw-r--r--,1108 kB,PDF,pdf,application/pdf,,,,,,,,,,uuid:8dfb279f-8fd0-44c5-9b8e-93997a390dc9,,Yes,,,,,,,,,2023:01:06 13:07:40-06:00,application/pdf,,2023:01:06 13:07:40-06:00,,26,,,1.7,,Microsoft® Word for Microsoft 365,,,,,,,,,,,,,,,,,,,,,,,,,,,,,,,,,,,,,,,,,,,,,,,,,,Yes,,,,,,,,,"Adobe XMP Core 8.0-c001 79.328f76e, 2022/08/01-19:10:29        "
University-Crossings-Sample-Lease-24_25.pdf,,,,,Eleni Drakatos,,,,,,,,,,,,2024:01:18 15:01:00-06:00,,Eleni Drakatos,Acrobat PDFMaker 23 for Word,,,,,,,,,,.,uuid:eab32c1b-d8e1-4414-842d-3ceff314cb47,12.70,2024:04:17 17:15:08-04:00,2024:04:17 17:15:08-04:00,2024:04:17 17:15:08-04:00,University-Crossings-Sample-Lease-24_25.pdf,-rw-r--r--,738 kB,PDF,pdf,application/pdf,,,,,,,,,,uuid:56447134-e882-4c40-b25f-84760e9bde6a,,Yes,,,,,,,,,2024:01:18 15:01:00-06:00,application/pdf,,2024:01:18 15:01:00-06:00,,28,,,1.6,,Adobe PDF Library 23.8.246,,,,,,,,,,,,,,,,,,,,,,,,,,,,,,,,,,,,,,,,,,,,,,,,,,Yes,,,,,,,,,"Adobe XMP Core 9.1-c001 79.675d0f7, 2023/06/11-19:21:16        "
university-crossings-sample-lease-agreement.pdf,,,,,Eleni Drakatos,,,,,,,,,,,,2023:01:06 13:09:21-06:00,,Eleni Drakatos,Microsoft® Word for Microsoft 365,,,,,,,,,,.,uuid:9ba1a775-0cda-486c-9e55-d5013ad72528,12.70,2024:04:17 17:15:09-04:00,2024:04:17 17:15:09-04:00,2024:04:17 17:15:09-04:00,university-crossings-sample-lease-agreement.pdf,-rw-r--r--,1107 kB,PDF,pdf,application/pdf,,,,,,,,,,uuid:111679f8-082b-47f7-8343-e9c7635073db,,Yes,,,,,,,,,2023:01:06 13:09:21-06:00,application/pdf,,2023:01:06 13:09:21-06:00,,26,,,1.7,,Microsoft® Word for Microsoft 365,,,,,,,,,,,,,,,,,,,,,,,,,,,,,,,,,,,,,,,,,,,,,,,,,,Yes,,,,,,,,,"Adobe XMP Core 8.0-c001 79.328f76e, 2022/08/01-19:10:29        "
