SourceFile,BlueMatrixColumn,BlueTRC,CMMFlags,ColorSpaceData,ConnectionSpaceIlluminant,CreateDate,Creator,CreatorTool,DerivedFromDocumentID,DerivedFromInstanceID,DerivedFromOriginalDocumentID,DerivedFromRenditionClass,DeviceAttributes,DeviceManufacturer,DeviceMfgDesc,DeviceModel,DeviceModelDesc,Directory,DocumentID,Error,ExifToolVersion,FileAccessDate,FileInodeChangeDate,FileModifyDate,FileName,FilePermissions,FileSize,FileType,FileTypeExtension,Format,GreenMatrixColumn,GreenTRC,HasXFA,HistoryAction,HistoryChanged,HistoryParameters,HistorySoftwareAgent,HistoryWhen,InstanceID,Language,Linearized,Luminance,MeasurementBacking,MeasurementFlare,MeasurementGeometry,MeasurementIlluminant,MeasurementObserver,MediaBlackPoint,MediaWhitePoint,MetadataDate,MIMEType,ModifyDate,OriginalDocumentID,PageCount,PDFVersion,PrimaryPlatform,Producer,ProfileClass,ProfileCMMType,ProfileConnectionSpace,ProfileCopyright,ProfileCreator,ProfileDateTime,ProfileDescription,ProfileFileSignature,ProfileID,ProfileVersion,RedMatrixColumn,RedTRC,RenderingIntent,RenditionClass,TaggedPDF,Technology,Trapped,ViewingCondDesc,ViewingCondIlluminant,ViewingCondIlluminantType,ViewingCondSurround,XMPToolkit
135454-flyer.pdf,,,,,,2017:12:11 13:12:08-07:00,DOMPDF,,,,,,,,,,,.,,,12.70,2024:04:17 16:56:54-04:00,2024:04:17 16:56:54-04:00,2024:04:17 16:56:54-04:00,135454-flyer.pdf,-rw-r--r--,815 kB,PDF,pdf,,,,,,,,,,,,No,,,,,,,,,,application/pdf,2017:12:11 13:12:08-07:00,,1,1.3,,,,,,,,,,,,,,,,,,,,,,,,
135985-flyer.pdf,,,,,,2017:12:13 17:48:11-07:00,DOMPDF,,,,,,,,,,,.,,,12.70,2024:04:17 16:54:27-04:00,2024:04:17 16:54:27-04:00,2024:04:17 16:54:27-04:00,135985-flyer.pdf,-rw-r--r--,815 kB,PDF,pdf,,,,,,,,,,,,No,,,,,,,,,,application/pdf,2017:12:13 17:48:11-07:00,,1,1.3,,,,,,,,,,,,,,,,,,,,,,,,
136596-flyer.pdf,,,,,,2017:12:18 20:12:07-07:00,DOMPDF,,,,,,,,,,,.,,,12.70,2024:04:17 16:54:33-04:00,2024:04:17 16:54:34-04:00,2024:04:17 16:54:34-04:00,136596-flyer.pdf,-rw-r--r--,815 kB,PDF,pdf,,,,,,,,,,,,No,,,,,,,,,,application/pdf,2017:12:18 20:12:07-07:00,,1,1.3,,,,,,,,,,,,,,,,,,,,,,,,
137967-flyer.pdf,,,,,,2018:01:08 12:12:02-07:00,DOMPDF,,,,,,,,,,,.,,,12.70,2024:04:17 16:57:14-04:00,2024:04:17 16:57:14-04:00,2024:04:17 16:57:14-04:00,137967-flyer.pdf,-rw-r--r--,815 kB,PDF,pdf,,,,,,,,,,,,No,,,,,,,,,,application/pdf,2018:01:08 12:12:02-07:00,,1,1.3,,,,,,,,,,,,,,,,,,,,,,,,
145626-wideflyer.pdf,,,,,,2018:01:24 07:54:22-07:00,DOMPDF,,,,,,,,,,,.,,,12.70,2024:04:17 16:52:53-04:00,2024:04:17 16:52:53-04:00,2024:04:17 16:52:53-04:00,145626-wideflyer.pdf,-rw-r--r--,658 kB,PDF,pdf,,,,,,,,,,,,No,,,,,,,,,,application/pdf,2018:01:24 07:54:22-07:00,,1,1.3,,,,,,,,,,,,,,,,,,,,,,,,
159636-flyer.pdf,,,,,,2018:03:07 13:32:08-07:00,DOMPDF,,,,,,,,,,,.,,,12.70,2024:04:17 16:55:11-04:00,2024:04:17 16:55:12-04:00,2024:04:17 16:55:12-04:00,159636-flyer.pdf,-rw-r--r--,815 kB,PDF,pdf,,,,,,,,,,,,No,,,,,,,,,,application/pdf,2018:03:07 13:32:08-07:00,,1,1.3,,,,,,,,,,,,,,,,,,,,,,,,
162433-flyer.pdf,,,,,,2018:03:19 14:12:21-06:00,DOMPDF,,,,,,,,,,,.,,,12.70,2024:04:17 16:56:46-04:00,2024:04:17 16:56:47-04:00,2024:04:17 16:56:47-04:00,162433-flyer.pdf,-rw-r--r--,815 kB,PDF,pdf,,,,,,,,,,,,No,,,,,,,,,,application/pdf,2018:03:19 14:12:21-06:00,,1,1.3,,,,,,,,,,,,,,,,,,,,,,,,
167331-flyer.pdf,,,,,,2018:04:16 14:16:07-06:00,DOMPDF,,,,,,,,,,,.,,,12.70,2024:04:17 16:55:43-04:00,2024:04:17 16:55:43-04:00,2024:04:17 16:55:43-04:00,167331-flyer.pdf,-rw-r--r--,815 kB,PDF,pdf,,,,,,,,,,,,No,,,,,,,,,,application/pdf,2018:04:16 14:16:07-06:00,,1,1.3,,,,,,,,,,,,,,,,,,,,,,,,
170606-flyer.pdf,,,,,,2018:05:14 09:40:11-06:00,DOMPDF,,,,,,,,,,,.,,,12.70,2024:04:17 16:56:23-04:00,2024:04:17 16:56:26-04:00,2024:04:17 16:56:26-04:00,170606-flyer.pdf,-rw-r--r--,815 kB,PDF,pdf,,,,,,,,,,,,No,,,,,,,,,,application/pdf,2018:05:14 09:40:11-06:00,,1,1.3,,,,,,,,,,,,,,,,,,,,,,,,
174754-flyer.pdf,,,,,,2018:06:22 08:52:02-06:00,DOMPDF,,,,,,,,,,,.,,,12.70,2024:04:17 16:55:18-04:00,2024:04:17 16:55:19-04:00,2024:04:17 16:55:19-04:00,174754-flyer.pdf,-rw-r--r--,815 kB,PDF,pdf,,,,,,,,,,,,No,,,,,,,,,,application/pdf,2018:06:22 08:52:02-06:00,,1,1.3,,,,,,,,,,,,,,,,,,,,,,,,
180780-flyer.pdf,,,,,,2018:08:06 09:12:03-06:00,DOMPDF,,,,,,,,,,,.,,,12.70,2024:04:17 16:56:45-04:00,2024:04:17 16:56:45-04:00,2024:04:17 16:56:45-04:00,180780-flyer.pdf,-rw-r--r--,815 kB,PDF,pdf,,,,,,,,,,,,No,,,,,,,,,,application/pdf,2018:08:06 09:12:03-06:00,,1,1.3,,,,,,,,,,,,,,,,,,,,,,,,
181067-flyer.pdf,,,,,,2018:08:06 15:32:12-06:00,DOMPDF,,,,,,,,,,,.,,,12.70,2024:04:17 16:55:55-04:00,2024:04:17 16:55:55-04:00,2024:04:17 16:55:55-04:00,181067-flyer.pdf,-rw-r--r--,815 kB,PDF,pdf,,,,,,,,,,,,No,,,,,,,,,,application/pdf,2018:08:06 15:32:12-06:00,,1,1.3,,,,,,,,,,,,,,,,,,,,,,,,
187593-flyer.pdf,,,,,,2018:08:29 14:12:24-06:00,DOMPDF,,,,,,,,,,,.,,,12.70,2024:04:17 16:56:48-04:00,2024:04:17 16:56:48-04:00,2024:04:17 16:56:48-04:00,187593-flyer.pdf,-rw-r--r--,815 kB,PDF,pdf,,,,,,,,,,,,No,,,,,,,,,,application/pdf,2018:08:29 14:12:24-06:00,,1,1.3,,,,,,,,,,,,,,,,,,,,,,,,
193654-flyer.pdf,,,,,,2018:09:17 10:40:21-06:00,DOMPDF,,,,,,,,,,,.,,,12.70,2024:04:17 16:57:00-04:00,2024:04:17 16:57:00-04:00,2024:04:17 16:57:00-04:00,193654-flyer.pdf,-rw-r--r--,815 kB,PDF,pdf,,,,,,,,,,,,No,,,,,,,,,,application/pdf,2018:09:17 10:40:21-06:00,,1,1.3,,,,,,,,,,,,,,,,,,,,,,,,
194302-flyer.pdf,,,,,,2018:09:19 07:04:14-06:00,DOMPDF,,,,,,,,,,,.,,,12.70,2024:04:17 16:56:53-04:00,2024:04:17 16:56:53-04:00,2024:04:17 16:56:53-04:00,194302-flyer.pdf,-rw-r--r--,815 kB,PDF,pdf,,,,,,,,,,,,No,,,,,,,,,,application/pdf,2018:09:19 07:04:14-06:00,,1,1.3,,,,,,,,,,,,,,,,,,,,,,,,
197972-wideflyer.pdf,,,,,,2018:10:01 11:44:06-06:00,DOMPDF,,,,,,,,,,,.,,,12.70,2024:04:17 16:52:49-04:00,2024:04:17 16:52:49-04:00,2024:04:17 16:52:49-04:00,197972-wideflyer.pdf,-rw-r--r--,658 kB,PDF,pdf,,,,,,,,,,,,No,,,,,,,,,,application/pdf,2018:10:01 11:44:06-06:00,,1,1.3,,,,,,,,,,,,,,,,,,,,,,,,
2005_Annual.pdf,,,,,,,,,,,,,,,,,,.,,File is empty,12.70,2024:04:17 16:52:26-04:00,2024:04:17 16:52:26-04:00,2024:04:17 16:52:26-04:00,2005_Annual.pdf,-rw-r--r--,0 bytes,,,,,,,,,,,,,,,,,,,,,,,,,,,,,,,,,,,,,,,,,,,,,,,,,,,,
2007_AnnualReport.pdf,,,,,,,,,,,,,,,,,,.,,File is empty,12.70,2024:04:17 16:52:27-04:00,2024:04:17 16:52:27-04:00,2024:04:17 16:52:27-04:00,2007_AnnualReport.pdf,-rw-r--r--,0 bytes,,,,,,,,,,,,,,,,,,,,,,,,,,,,,,,,,,,,,,,,,,,,,,,,,,,,
2008AnnualReportandProxyStatement.pdf,,,,,,,,,,,,,,,,,,.,,File is empty,12.70,2024:04:17 16:52:26-04:00,2024:04:17 16:52:26-04:00,2024:04:17 16:52:26-04:00,2008AnnualReportandProxyStatement.pdf,-rw-r--r--,0 bytes,,,,,,,,,,,,,,,,,,,,,,,,,,,,,,,,,,,,,,,,,,,,,,,,,,,,
2009+Annual+Report.pdf,,,,,,,,,,,,,,,,,,.,,File is empty,12.70,2024:04:17 16:52:28-04:00,2024:04:17 16:52:28-04:00,2024:04:17 16:52:28-04:00,2009+Annual+Report.pdf,-rw-r--r--,0 bytes,,,,,,,,,,,,,,,,,,,,,,,,,,,,,,,,,,,,,,,,,,,,,,,,,,,,
2012+Annual+Report.pdf,,,,,,,,,,,,,,,,,,.,,File is empty,12.70,2024:04:17 16:52:29-04:00,2024:04:17 16:52:29-04:00,2024:04:17 16:52:29-04:00,2012+Annual+Report.pdf,-rw-r--r--,0 bytes,,,,,,,,,,,,,,,,,,,,,,,,,,,,,,,,,,,,,,,,,,,,,,,,,,,,
2013+Annual+Report_Chipotle.pdf,,,,,,,,,,,,,,,,,,.,,File is empty,12.70,2024:04:17 16:52:27-04:00,2024:04:17 16:52:27-04:00,2024:04:17 16:52:27-04:00,2013+Annual+Report_Chipotle.pdf,-rw-r--r--,0 bytes,,,,,,,,,,,,,,,,,,,,,,,,,,,,,,,,,,,,,,,,,,,,,,,,,,,,
2014+Annual+Report_Color.pdf,,,,,,,,,,,,,,,,,,.,,File is empty,12.70,2024:04:17 16:52:29-04:00,2024:04:17 16:52:29-04:00,2024:04:17 16:52:29-04:00,2014+Annual+Report_Color.pdf,-rw-r--r--,0 bytes,,,,,,,,,,,,,,,,,,,,,,,,,,,,,,,,,,,,,,,,,,,,,,,,,,,,
2015+Annual+Report_Chipotle.PDF,,,,,,,,,,,,,,,,,,.,,File is empty,12.70,2024:04:17 16:52:28-04:00,2024:04:17 16:52:28-04:00,2024:04:17 16:52:28-04:00,2015+Annual+Report_Chipotle.PDF,-rw-r--r--,0 bytes,,,,,,,,,,,,,,,,,,,,,,,,,,,,,,,,,,,,,,,,,,,,,,,,,,,,
2016+Annual+Report_Chipotle.pdf,,,,,,,,,,,,,,,,,,.,,File is empty,12.70,2024:04:17 16:52:29-04:00,2024:04:17 16:52:29-04:00,2024:04:17 16:52:29-04:00,2016+Annual+Report_Chipotle.pdf,-rw-r--r--,0 bytes,,,,,,,,,,,,,,,,,,,,,,,,,,,,,,,,,,,,,,,,,,,,,,,,,,,,
2017+Annual+Report+%28bookmarked%29.pdf,,,,,,,,,,,,,,,,,,.,,File is empty,12.70,2024:04:17 16:52:37-04:00,2024:04:17 16:52:37-04:00,2024:04:17 16:52:37-04:00,2017+Annual+Report+%28bookmarked%29.pdf,-rw-r--r--,0 bytes,,,,,,,,,,,,,,,,,,,,,,,,,,,,,,,,,,,,,,,,,,,,,,,,,,,,
2018+Annual+Report+and+2019+Proxy+Statement.pdf,,,,,,,,,,,,,,,,,,.,,File is empty,12.70,2024:04:17 16:53:16-04:00,2024:04:17 16:53:16-04:00,2024:04:17 16:53:16-04:00,2018+Annual+Report+and+2019+Proxy+Statement.pdf,-rw-r--r--,0 bytes,,,,,,,,,,,,,,,,,,,,,,,,,,,,,,,,,,,,,,,,,,,,,,,,,,,,
2019+Annual+Report+and+Proxy+Statement.pdf,,,,,,,,,,,,,,,,,,.,,File is empty,12.70,2024:04:17 16:52:38-04:00,2024:04:17 16:52:38-04:00,2024:04:17 16:52:38-04:00,2019+Annual+Report+and+Proxy+Statement.pdf,-rw-r--r--,0 bytes,,,,,,,,,,,,,,,,,,,,,,,,,,,,,,,,,,,,,,,,,,,,,,,,,,,,
2019+CEO+Letter.pdf,,,,,,,,,,,,,,,,,,.,,File is empty,12.70,2024:04:17 16:52:30-04:00,2024:04:17 16:52:30-04:00,2024:04:17 16:52:30-04:00,2019+CEO+Letter.pdf,-rw-r--r--,0 bytes,,,,,,,,,,,,,,,,,,,,,,,,,,,,,,,,,,,,,,,,,,,,,,,,,,,,
2020+Chipotle+EEO-1+Consolidated.pdf,,,,,,,,,,,,,,,,,,.,,File is empty,12.70,2024:04:17 16:52:36-04:00,2024:04:17 16:52:36-04:00,2024:04:17 16:52:36-04:00,2020+Chipotle+EEO-1+Consolidated.pdf,-rw-r--r--,0 bytes,,,,,,,,,,,,,,,,,,,,,,,,,,,,,,,,,,,,,,,,,,,,,,,,,,,,
2020+Form+10-K.pdf,,,,,,,,,,,,,,,,,,.,,File is empty,12.70,2024:04:17 16:52:31-04:00,2024:04:17 16:52:31-04:00,2024:04:17 16:52:31-04:00,2020+Form+10-K.pdf,-rw-r--r--,0 bytes,,,,,,,,,,,,,,,,,,,,,,,,,,,,,,,,,,,,,,,,,,,,,,,,,,,,
2021+Chipotle+EEO-1+Consolidated.pdf,,,,,,,,,,,,,,,,,,.,,File is empty,12.70,2024:04:17 16:52:37-04:00,2024:04:17 16:52:37-04:00,2024:04:17 16:52:37-04:00,2021+Chipotle+EEO-1+Consolidated.pdf,-rw-r--r--,0 bytes,,,,,,,,,,,,,,,,,,,,,,,,,,,,,,,,,,,,,,,,,,,,,,,,,,,,
2021_Chipotle_Form_10-K-webhost.pdf,,,,,,,,,,,,,,,,,,.,,File is empty,12.70,2024:04:17 16:52:30-04:00,2024:04:17 16:52:30-04:00,2024:04:17 16:52:30-04:00,2021_Chipotle_Form_10-K-webhost.pdf,-rw-r--r--,0 bytes,,,,,,,,,,,,,,,,,,,,,,,,,,,,,,,,,,,,,,,,,,,,,,,,,,,,
2021+Proxy+%28color%29.pdf,,,,,,,,,,,,,,,,,,.,,File is empty,12.70,2024:04:17 16:52:35-04:00,2024:04:17 16:52:35-04:00,2024:04:17 16:52:35-04:00,2021+Proxy+%28color%29.pdf,-rw-r--r--,0 bytes,,,,,,,,,,,,,,,,,,,,,,,,,,,,,,,,,,,,,,,,,,,,,,,,,,,,
2022_Chipotle_Proxy_Statement-webhost.pdf,,,,,,,,,,,,,,,,,,.,,File is empty,12.70,2024:04:17 16:52:27-04:00,2024:04:17 16:52:27-04:00,2024:04:17 16:52:27-04:00,2022_Chipotle_Proxy_Statement-webhost.pdf,-rw-r--r--,0 bytes,,,,,,,,,,,,,,,,,,,,,,,,,,,,,,,,,,,,,,,,,,,,,,,,,,,,
2022+Proxy+Supplement+%28May+6%2C+2022%29.pdf,,,,,,,,,,,,,,,,,,.,,File is empty,12.70,2024:04:17 16:57:51-04:00,2024:04:17 16:57:51-04:00,2024:04:17 16:57:51-04:00,2022+Proxy+Supplement+%28May+6%2C+2022%29.pdf,-rw-r--r--,0 bytes,,,,,,,,,,,,,,,,,,,,,,,,,,,,,,,,,,,,,,,,,,,,,,,,,,,,
204651-flyer.pdf,,,,,,2018:10:22 13:24:07-06:00,DOMPDF,,,,,,,,,,,.,,,12.70,2024:04:17 16:55:22-04:00,2024:04:17 16:55:23-04:00,2024:04:17 16:55:23-04:00,204651-flyer.pdf,-rw-r--r--,815 kB,PDF,pdf,,,,,,,,,,,,No,,,,,,,,,,application/pdf,2018:10:22 13:24:07-06:00,,1,1.3,,,,,,,,,,,,,,,,,,,,,,,,
211357-wideflyer.pdf,,,,,,2018:11:16 13:44:17-07:00,DOMPDF,,,,,,,,,,,.,,,12.70,2024:04:17 16:53:41-04:00,2024:04:17 16:53:42-04:00,2024:04:17 16:53:42-04:00,211357-wideflyer.pdf,-rw-r--r--,658 kB,PDF,pdf,,,,,,,,,,,,No,,,,,,,,,,application/pdf,2018:11:16 13:44:17-07:00,,1,1.3,,,,,,,,,,,,,,,,,,,,,,,,
216556-wideflyer.pdf,,,,,,2018:12:27 11:32:18-07:00,DOMPDF,,,,,,,,,,,.,,,12.70,2024:04:17 16:53:24-04:00,2024:04:17 16:53:25-04:00,2024:04:17 16:53:25-04:00,216556-wideflyer.pdf,-rw-r--r--,658 kB,PDF,pdf,,,,,,,,,,,,No,,,,,,,,,,application/pdf,2018:12:27 11:32:18-07:00,,1,1.3,,,,,,,,,,,,,,,,,,,,,,,,
223772-flyer.pdf,,,,,,2019:01:25 11:00:03-07:00,DOMPDF,,,,,,,,,,,.,,,12.70,2024:04:17 16:57:31-04:00,2024:04:17 16:57:32-04:00,2024:04:17 16:57:32-04:00,223772-flyer.pdf,-rw-r--r--,815 kB,PDF,pdf,,,,,,,,,,,,No,,,,,,,,,,application/pdf,2019:01:25 11:00:03-07:00,,1,1.3,,,,,,,,,,,,,,,,,,,,,,,,
223775-wideflyer.pdf,,,,,,2019:01:23 11:44:16-07:00,DOMPDF,,,,,,,,,,,.,,,12.70,2024:04:17 16:53:44-04:00,2024:04:17 16:53:44-04:00,2024:04:17 16:53:44-04:00,223775-wideflyer.pdf,-rw-r--r--,658 kB,PDF,pdf,,,,,,,,,,,,No,,,,,,,,,,application/pdf,2019:01:23 11:44:16-07:00,,1,1.3,,,,,,,,,,,,,,,,,,,,,,,,
236444-flyer.pdf,,,,,,2019:03:08 13:00:15-07:00,DOMPDF,,,,,,,,,,,.,,,12.70,2024:04:17 16:55:05-04:00,2024:04:17 16:55:07-04:00,2024:04:17 16:55:07-04:00,236444-flyer.pdf,-rw-r--r--,815 kB,PDF,pdf,,,,,,,,,,,,No,,,,,,,,,,application/pdf,2019:03:08 13:00:15-07:00,,1,1.3,,,,,,,,,,,,,,,,,,,,,,,,
239420-flyer.pdf,,,,,,2019:03:26 18:44:07-06:00,DOMPDF,,,,,,,,,,,.,,,12.70,2024:04:17 16:56:51-04:00,2024:04:17 16:56:51-04:00,2024:04:17 16:56:51-04:00,239420-flyer.pdf,-rw-r--r--,815 kB,PDF,pdf,,,,,,,,,,,,No,,,,,,,,,,application/pdf,2019:03:26 18:44:07-06:00,,1,1.3,,,,,,,,,,,,,,,,,,,,,,,,
240126-flyer.pdf,,,,,,2019:03:26 08:56:12-06:00,DOMPDF,,,,,,,,,,,.,,,12.70,2024:04:17 16:54:42-04:00,2024:04:17 16:54:42-04:00,2024:04:17 16:54:42-04:00,240126-flyer.pdf,-rw-r--r--,815 kB,PDF,pdf,,,,,,,,,,,,No,,,,,,,,,,application/pdf,2019:03:26 08:56:12-06:00,,1,1.3,,,,,,,,,,,,,,,,,,,,,,,,
244761-flyer.pdf,,,,,,2019:05:03 16:16:02-06:00,DOMPDF,,,,,,,,,,,.,,,12.70,2024:04:17 16:56:10-04:00,2024:04:17 16:56:12-04:00,2024:04:17 16:56:12-04:00,244761-flyer.pdf,-rw-r--r--,815 kB,PDF,pdf,,,,,,,,,,,,No,,,,,,,,,,application/pdf,2019:05:03 16:16:02-06:00,,1,1.3,,,,,,,,,,,,,,,,,,,,,,,,
245167-flyer.pdf,,,,,,2019:05:07 14:20:14-06:00,DOMPDF,,,,,,,,,,,.,,,12.70,2024:04:17 16:57:44-04:00,2024:04:17 16:57:45-04:00,2024:04:17 16:57:45-04:00,245167-flyer.pdf,-rw-r--r--,815 kB,PDF,pdf,,,,,,,,,,,,No,,,,,,,,,,application/pdf,2019:05:07 14:20:14-06:00,,1,1.3,,,,,,,,,,,,,,,,,,,,,,,,
245168-flyer.pdf,,,,,,2019:05:06 09:08:19-06:00,DOMPDF,,,,,,,,,,,.,,,12.70,2024:04:17 16:54:39-04:00,2024:04:17 16:54:39-04:00,2024:04:17 16:54:39-04:00,245168-flyer.pdf,-rw-r--r--,815 kB,PDF,pdf,,,,,,,,,,,,No,,,,,,,,,,application/pdf,2019:05:06 09:08:19-06:00,,1,1.3,,,,,,,,,,,,,,,,,,,,,,,,
245664-flyer.pdf,,,,,,2019:05:09 14:08:02-06:00,DOMPDF,,,,,,,,,,,.,,,12.70,2024:04:17 16:55:25-04:00,2024:04:17 16:55:25-04:00,2024:04:17 16:55:25-04:00,245664-flyer.pdf,-rw-r--r--,815 kB,PDF,pdf,,,,,,,,,,,,No,,,,,,,,,,application/pdf,2019:05:09 14:08:02-06:00,,1,1.3,,,,,,,,,,,,,,,,,,,,,,,,
246002-flyer.pdf,,,,,,2019:05:20 06:04:06-06:00,DOMPDF,,,,,,,,,,,.,,,12.70,2024:04:17 16:56:42-04:00,2024:04:17 16:56:43-04:00,2024:04:17 16:56:43-04:00,246002-flyer.pdf,-rw-r--r--,815 kB,PDF,pdf,,,,,,,,,,,,No,,,,,,,,,,application/pdf,2019:05:20 06:04:06-06:00,,1,1.3,,,,,,,,,,,,,,,,,,,,,,,,
247958-flyer.pdf,,,,,,2019:06:10 13:44:11-06:00,DOMPDF,,,,,,,,,,,.,,,12.70,2024:04:17 16:54:44-04:00,2024:04:17 16:54:45-04:00,2024:04:17 16:54:45-04:00,247958-flyer.pdf,-rw-r--r--,815 kB,PDF,pdf,,,,,,,,,,,,No,,,,,,,,,,application/pdf,2019:06:10 13:44:11-06:00,,1,1.3,,,,,,,,,,,,,,,,,,,,,,,,
248924-flyer.pdf,,,,,,2019:08:08 08:32:02-06:00,,,,,,,,,,,,.,,,12.70,2024:04:17 16:54:21-04:00,2024:04:17 16:54:21-04:00,2024:04:17 16:54:21-04:00,248924-flyer.pdf,-rw-r--r--,625 kB,PDF,pdf,,,,,,,,,,,,No,,,,,,,,,,application/pdf,2019:08:08 08:32:02-06:00,,1,1.3,,dompdf <75f13c70> + CPDF,,,,,,,,,,,,,,,,,,,,,,
249603-flyer.pdf,,,,,,2019:06:27 07:48:03-06:00,DOMPDF,,,,,,,,,,,.,,,12.70,2024:04:17 16:55:15-04:00,2024:04:17 16:55:16-04:00,2024:04:17 16:55:16-04:00,249603-flyer.pdf,-rw-r--r--,815 kB,PDF,pdf,,,,,,,,,,,,No,,,,,,,,,,application/pdf,2019:06:27 07:48:03-06:00,,1,1.3,,,,,,,,,,,,,,,,,,,,,,,,
251602-flyer.pdf,,,,,,2019:07:23 09:28:08-06:00,,,,,,,,,,,,.,,,12.70,2024:04:17 16:56:04-04:00,2024:04:17 16:56:04-04:00,2024:04:17 16:56:04-04:00,251602-flyer.pdf,-rw-r--r--,625 kB,PDF,pdf,,,,,,,,,,,,No,,,,,,,,,,application/pdf,2019:07:23 09:28:08-06:00,,1,1.3,,dompdf <75f13c70> + CPDF,,,,,,,,,,,,,,,,,,,,,,
253020-flyer.pdf,,,,,,2019:07:30 07:00:05-06:00,,,,,,,,,,,,.,,,12.70,2024:04:17 16:57:19-04:00,2024:04:17 16:57:19-04:00,2024:04:17 16:57:19-04:00,253020-flyer.pdf,-rw-r--r--,625 kB,PDF,pdf,,,,,,,,,,,,No,,,,,,,,,,application/pdf,2019:07:30 07:00:05-06:00,,1,1.3,,dompdf <75f13c70> + CPDF,,,,,,,,,,,,,,,,,,,,,,
253585-flyer.pdf,,,,,,2019:08:02 15:08:02-06:00,,,,,,,,,,,,.,,,12.70,2024:04:17 16:55:52-04:00,2024:04:17 16:55:53-04:00,2024:04:17 16:55:53-04:00,253585-flyer.pdf,-rw-r--r--,625 kB,PDF,pdf,,,,,,,,,,,,No,,,,,,,,,,application/pdf,2019:08:02 15:08:02-06:00,,1,1.3,,dompdf <75f13c70> + CPDF,,,,,,,,,,,,,,,,,,,,,,
255805-flyer.pdf,,,,,,2019:08:13 09:52:04-06:00,,,,,,,,,,,,.,,,12.70,2024:04:17 16:55:58-04:00,2024:04:17 16:55:58-04:00,2024:04:17 16:55:58-04:00,255805-flyer.pdf,-rw-r--r--,625 kB,PDF,pdf,,,,,,,,,,,,No,,,,,,,,,,application/pdf,2019:08:13 09:52:04-06:00,,1,1.3,,dompdf <75f13c70> + CPDF,,,,,,,,,,,,,,,,,,,,,,
257421-flyer.pdf,,,,,,2019:08:20 10:56:19-06:00,,,,,,,,,,,,.,,,12.70,2024:04:17 16:56:41-04:00,2024:04:17 16:56:41-04:00,2024:04:17 16:56:41-04:00,257421-flyer.pdf,-rw-r--r--,625 kB,PDF,pdf,,,,,,,,,,,,No,,,,,,,,,,application/pdf,2019:08:20 10:56:19-06:00,,1,1.3,,dompdf <75f13c70> + CPDF,,,,,,,,,,,,,,,,,,,,,,
257746-wideflyer.pdf,,,,,,2019:08:21 12:24:17-06:00,,,,,,,,,,,,.,,,12.70,2024:04:17 16:53:10-04:00,2024:04:17 16:53:11-04:00,2024:04:17 16:53:11-04:00,257746-wideflyer.pdf,-rw-r--r--,582 kB,PDF,pdf,,,,,,,,,,,,No,,,,,,,,,,application/pdf,2019:08:21 12:24:17-06:00,,1,1.3,,dompdf <75f13c70> + CPDF,,,,,,,,,,,,,,,,,,,,,,
259618-flyer.pdf,,,,,,2019:08:30 13:04:28-06:00,,,,,,,,,,,,.,,,12.70,2024:04:17 16:57:20-04:00,2024:04:17 16:57:20-04:00,2024:04:17 16:57:20-04:00,259618-flyer.pdf,-rw-r--r--,625 kB,PDF,pdf,,,,,,,,,,,,No,,,,,,,,,,application/pdf,2019:08:30 13:04:28-06:00,,1,1.3,,dompdf <75f13c70> + CPDF,,,,,,,,,,,,,,,,,,,,,,
262306-flyer.pdf,,,,,,2019:09:06 11:00:03-06:00,,,,,,,,,,,,.,,,12.70,2024:04:17 16:55:46-04:00,2024:04:17 16:55:46-04:00,2024:04:17 16:55:46-04:00,262306-flyer.pdf,-rw-r--r--,625 kB,PDF,pdf,,,,,,,,,,,,No,,,,,,,,,,application/pdf,2019:09:06 11:00:03-06:00,,1,1.3,,dompdf <75f13c70> + CPDF,,,,,,,,,,,,,,,,,,,,,,
264304-flyer.pdf,,,,,,2019:09:12 07:20:14-06:00,,,,,,,,,,,,.,,,12.70,2024:04:17 16:55:32-04:00,2024:04:17 16:55:33-04:00,2024:04:17 16:55:33-04:00,264304-flyer.pdf,-rw-r--r--,625 kB,PDF,pdf,,,,,,,,,,,,No,,,,,,,,,,application/pdf,2019:09:12 07:20:14-06:00,,1,1.3,,dompdf <75f13c70> + CPDF,,,,,,,,,,,,,,,,,,,,,,
264318-wideflyer.pdf,,,,,,2019:09:11 16:56:07-06:00,,,,,,,,,,,,.,,,12.70,2024:04:17 16:53:19-04:00,2024:04:17 16:53:19-04:00,2024:04:17 16:53:19-04:00,264318-wideflyer.pdf,-rw-r--r--,582 kB,PDF,pdf,,,,,,,,,,,,No,,,,,,,,,,application/pdf,2019:09:11 16:56:07-06:00,,1,1.3,,dompdf <75f13c70> + CPDF,,,,,,,,,,,,,,,,,,,,,,
265065-flyer.pdf,,,,,,2019:09:18 09:04:02-06:00,,,,,,,,,,,,.,,,12.70,2024:04:17 16:57:11-04:00,2024:04:17 16:57:11-04:00,2024:04:17 16:57:11-04:00,265065-flyer.pdf,-rw-r--r--,625 kB,PDF,pdf,,,,,,,,,,,,No,,,,,,,,,,application/pdf,2019:09:18 09:04:02-06:00,,1,1.3,,dompdf <75f13c70> + CPDF,,,,,,,,,,,,,,,,,,,,,,
266376-flyer.pdf,,,,,,2019:09:18 13:16:14-06:00,,,,,,,,,,,,.,,,12.70,2024:04:17 16:54:38-04:00,2024:04:17 16:54:38-04:00,2024:04:17 16:54:38-04:00,266376-flyer.pdf,-rw-r--r--,625 kB,PDF,pdf,,,,,,,,,,,,No,,,,,,,,,,application/pdf,2019:09:18 13:16:14-06:00,,1,1.3,,dompdf <75f13c70> + CPDF,,,,,,,,,,,,,,,,,,,,,,
266926-flyer.pdf,,,,,,2019:09:19 14:28:03-06:00,,,,,,,,,,,,.,,,12.70,2024:04:17 16:54:14-04:00,2024:04:17 16:54:14-04:00,2024:04:17 16:54:14-04:00,266926-flyer.pdf,-rw-r--r--,625 kB,PDF,pdf,,,,,,,,,,,,No,,,,,,,,,,application/pdf,2019:09:19 14:28:03-06:00,,1,1.3,,dompdf <75f13c70> + CPDF,,,,,,,,,,,,,,,,,,,,,,
269579-flyer.pdf,,,,,,2019:09:29 12:32:02-06:00,,,,,,,,,,,,.,,,12.70,2024:04:17 16:56:21-04:00,2024:04:17 16:56:22-04:00,2024:04:17 16:56:22-04:00,269579-flyer.pdf,-rw-r--r--,625 kB,PDF,pdf,,,,,,,,,,,,No,,,,,,,,,,application/pdf,2019:09:29 12:32:02-06:00,,1,1.3,,dompdf <75f13c70> + CPDF,,,,,,,,,,,,,,,,,,,,,,
269637-flyer.pdf,,,,,,2019:09:29 11:36:02-06:00,,,,,,,,,,,,.,,,12.70,2024:04:17 16:54:48-04:00,2024:04:17 16:54:50-04:00,2024:04:17 16:54:50-04:00,269637-flyer.pdf,-rw-r--r--,625 kB,PDF,pdf,,,,,,,,,,,,No,,,,,,,,,,application/pdf,2019:09:29 11:36:02-06:00,,1,1.3,,dompdf <75f13c70> + CPDF,,,,,,,,,,,,,,,,,,,,,,
270043-flyer.pdf,,,,,,2019:10:01 06:24:03-06:00,,,,,,,,,,,,.,,,12.70,2024:04:17 16:56:08-04:00,2024:04:17 16:56:09-04:00,2024:04:17 16:56:09-04:00,270043-flyer.pdf,-rw-r--r--,625 kB,PDF,pdf,,,,,,,,,,,,No,,,,,,,,,,application/pdf,2019:10:01 06:24:03-06:00,,1,1.3,,dompdf <75f13c70> + CPDF,,,,,,,,,,,,,,,,,,,,,,
271039-flyer.pdf,,,,,,2019:10:02 15:04:02-06:00,,,,,,,,,,,,.,,,12.70,2024:04:17 16:56:05-04:00,2024:04:17 16:56:06-04:00,2024:04:17 16:56:06-04:00,271039-flyer.pdf,-rw-r--r--,625 kB,PDF,pdf,,,,,,,,,,,,No,,,,,,,,,,application/pdf,2019:10:02 15:04:02-06:00,,1,1.3,,dompdf <75f13c70> + CPDF,,,,,,,,,,,,,,,,,,,,,,
271658-flyer.pdf,,,,,,2019:10:04 11:36:12-06:00,,,,,,,,,,,,.,,,12.70,2024:04:17 16:57:30-04:00,2024:04:17 16:57:30-04:00,2024:04:17 16:57:30-04:00,271658-flyer.pdf,-rw-r--r--,625 kB,PDF,pdf,,,,,,,,,,,,No,,,,,,,,,,application/pdf,2019:10:04 11:36:12-06:00,,1,1.3,,dompdf <75f13c70> + CPDF,,,,,,,,,,,,,,,,,,,,,,
272940-wideflyer.pdf,,,,,,2019:10:14 16:24:03-06:00,,,,,,,,,,,,.,,,12.70,2024:04:17 16:53:31-04:00,2024:04:17 16:53:31-04:00,2024:04:17 16:53:31-04:00,272940-wideflyer.pdf,-rw-r--r--,582 kB,PDF,pdf,,,,,,,,,,,,No,,,,,,,,,,application/pdf,2019:10:14 16:24:03-06:00,,1,1.3,,dompdf <75f13c70> + CPDF,,,,,,,,,,,,,,,,,,,,,,
275639-flyer.pdf,,,,,,2019:10:21 12:48:17-06:00,,,,,,,,,,,,.,,,12.70,2024:04:17 16:54:46-04:00,2024:04:17 16:54:46-04:00,2024:04:17 16:54:46-04:00,275639-flyer.pdf,-rw-r--r--,625 kB,PDF,pdf,,,,,,,,,,,,No,,,,,,,,,,application/pdf,2019:10:21 12:48:17-06:00,,1,1.3,,dompdf <75f13c70> + CPDF,,,,,,,,,,,,,,,,,,,,,,
276694-flyer.pdf,,,,,,2019:10:24 13:56:06-06:00,,,,,,,,,,,,.,,,12.70,2024:04:17 16:54:56-04:00,2024:04:17 16:54:56-04:00,2024:04:17 16:54:56-04:00,276694-flyer.pdf,-rw-r--r--,625 kB,PDF,pdf,,,,,,,,,,,,No,,,,,,,,,,application/pdf,2019:10:24 13:56:06-06:00,,1,1.3,,dompdf <75f13c70> + CPDF,,,,,,,,,,,,,,,,,,,,,,
277817-flyer.pdf,,,,,,2019:10:29 15:12:10-06:00,,,,,,,,,,,,.,,,12.70,2024:04:17 16:57:07-04:00,2024:04:17 16:57:07-04:00,2024:04:17 16:57:07-04:00,277817-flyer.pdf,-rw-r--r--,625 kB,PDF,pdf,,,,,,,,,,,,No,,,,,,,,,,application/pdf,2019:10:29 15:12:10-06:00,,1,1.3,,dompdf <75f13c70> + CPDF,,,,,,,,,,,,,,,,,,,,,,
281839-flyer.pdf,,,,,,2019:11:22 07:20:07-07:00,,,,,,,,,,,,.,,,12.70,2024:04:17 16:55:09-04:00,2024:04:17 16:55:09-04:00,2024:04:17 16:55:09-04:00,281839-flyer.pdf,-rw-r--r--,625 kB,PDF,pdf,,,,,,,,,,,,No,,,,,,,,,,application/pdf,2019:11:22 07:20:07-07:00,,1,1.3,,dompdf <75f13c70> + CPDF,,,,,,,,,,,,,,,,,,,,,,
284081-flyer.pdf,,,,,,2019:12:04 07:32:15-07:00,,,,,,,,,,,,.,,,12.70,2024:04:17 16:54:59-04:00,2024:04:17 16:55:02-04:00,2024:04:17 16:55:02-04:00,284081-flyer.pdf,-rw-r--r--,625 kB,PDF,pdf,,,,,,,,,,,,No,,,,,,,,,,application/pdf,2019:12:04 07:32:15-07:00,,1,1.3,,dompdf <75f13c70> + CPDF,,,,,,,,,,,,,,,,,,,,,,
285700-flyer.pdf,,,,,,2019:12:18 12:20:02-07:00,,,,,,,,,,,,.,,,12.70,2024:04:17 16:56:27-04:00,2024:04:17 16:56:27-04:00,2024:04:17 16:56:27-04:00,285700-flyer.pdf,-rw-r--r--,625 kB,PDF,pdf,,,,,,,,,,,,No,,,,,,,,,,application/pdf,2019:12:18 12:20:02-07:00,,1,1.3,,dompdf <75f13c70> + CPDF,,,,,,,,,,,,,,,,,,,,,,
285700-wideflyer.pdf,,,,,,2019:12:18 12:20:02-07:00,,,,,,,,,,,,.,,,12.70,2024:04:17 16:53:33-04:00,2024:04:17 16:53:34-04:00,2024:04:17 16:53:34-04:00,285700-wideflyer.pdf,-rw-r--r--,582 kB,PDF,pdf,,,,,,,,,,,,No,,,,,,,,,,application/pdf,2019:12:18 12:20:02-07:00,,1,1.3,,dompdf <75f13c70> + CPDF,,,,,,,,,,,,,,,,,,,,,,
289916-flyer.pdf,,,,,,2020:01:15 12:36:02-07:00,,,,,,,,,,,,.,,,12.70,2024:04:17 16:54:52-04:00,2024:04:17 16:54:53-04:00,2024:04:17 16:54:53-04:00,289916-flyer.pdf,-rw-r--r--,625 kB,PDF,pdf,,,,,,,,,,,,No,,,,,,,,,,application/pdf,2020:01:15 12:36:02-07:00,,1,1.3,,dompdf <75f13c70> + CPDF,,,,,,,,,,,,,,,,,,,,,,
292152-flyer.pdf,,,,,,2020:01:22 07:32:12-07:00,,,,,,,,,,,,.,,,12.70,2024:04:17 16:57:01-04:00,2024:04:17 16:57:02-04:00,2024:04:17 16:57:02-04:00,292152-flyer.pdf,-rw-r--r--,625 kB,PDF,pdf,,,,,,,,,,,,No,,,,,,,,,,application/pdf,2020:01:22 07:32:12-07:00,,1,1.3,,dompdf <75f13c70> + CPDF,,,,,,,,,,,,,,,,,,,,,,
292164-wideflyer.pdf,,,,,,2020:01:22 08:40:09-07:00,,,,,,,,,,,,.,,,12.70,2024:04:17 16:53:07-04:00,2024:04:17 16:53:08-04:00,2024:04:17 16:53:08-04:00,292164-wideflyer.pdf,-rw-r--r--,582 kB,PDF,pdf,,,,,,,,,,,,No,,,,,,,,,,application/pdf,2020:01:22 08:40:09-07:00,,1,1.3,,dompdf <75f13c70> + CPDF,,,,,,,,,,,,,,,,,,,,,,
293150-flyer.pdf,,,,,,2020:01:26 17:12:03-07:00,,,,,,,,,,,,.,,,12.70,2024:04:17 16:56:07-04:00,2024:04:17 16:56:07-04:00,2024:04:17 16:56:07-04:00,293150-flyer.pdf,-rw-r--r--,625 kB,PDF,pdf,,,,,,,,,,,,No,,,,,,,,,,application/pdf,2020:01:26 17:12:03-07:00,,1,1.3,,dompdf <75f13c70> + CPDF,,,,,,,,,,,,,,,,,,,,,,
294303-wideflyer.pdf,,,,,,2020:09:11 06:44:05-06:00,,,,,,,,,,,,.,,,12.70,2024:04:17 16:53:32-04:00,2024:04:17 16:53:32-04:00,2024:04:17 16:53:32-04:00,294303-wideflyer.pdf,-rw-r--r--,582 kB,PDF,pdf,,,,,,,,,,,,No,,,,,,,,,,application/pdf,2020:09:11 06:44:05-06:00,,1,1.3,,dompdf <75f13c70> + CPDF,,,,,,,,,,,,,,,,,,,,,,
298795-flyer.pdf,,,,,,2020:02:13 07:32:02-07:00,,,,,,,,,,,,.,,,12.70,2024:04:17 16:54:26-04:00,2024:04:17 16:54:26-04:00,2024:04:17 16:54:26-04:00,298795-flyer.pdf,-rw-r--r--,625 kB,PDF,pdf,,,,,,,,,,,,No,,,,,,,,,,application/pdf,2020:02:13 07:32:02-07:00,,1,1.3,,dompdf <75f13c70> + CPDF,,,,,,,,,,,,,,,,,,,,,,
299173-wideflyer.pdf,,,,,,2020:09:16 07:00:08-06:00,,,,,,,,,,,,.,,,12.70,2024:04:17 16:52:58-04:00,2024:04:17 16:52:59-04:00,2024:04:17 16:52:59-04:00,299173-wideflyer.pdf,-rw-r--r--,583 kB,PDF,pdf,,,,,,,,,,,,No,,,,,,,,,,application/pdf,2020:09:16 07:00:08-06:00,,1,1.3,,dompdf <75f13c70> + CPDF,,,,,,,,,,,,,,,,,,,,,,
302937-wideflyer.pdf,,,,,,2020:09:09 12:40:09-06:00,,,,,,,,,,,,.,,,12.70,2024:04:17 16:53:20-04:00,2024:04:17 16:53:21-04:00,2024:04:17 16:53:21-04:00,302937-wideflyer.pdf,-rw-r--r--,582 kB,PDF,pdf,,,,,,,,,,,,No,,,,,,,,,,application/pdf,2020:09:09 12:40:09-06:00,,1,1.3,,dompdf <75f13c70> + CPDF,,,,,,,,,,,,,,,,,,,,,,
303092-flyer.pdf,,,,,,2020:03:03 15:20:11-07:00,,,,,,,,,,,,.,,,12.70,2024:04:17 16:56:36-04:00,2024:04:17 16:56:37-04:00,2024:04:17 16:56:37-04:00,303092-flyer.pdf,-rw-r--r--,625 kB,PDF,pdf,,,,,,,,,,,,No,,,,,,,,,,application/pdf,2020:03:03 15:20:11-07:00,,1,1.3,,dompdf <75f13c70> + CPDF,,,,,,,,,,,,,,,,,,,,,,
305029-flyer.pdf,,,,,,2020:09:09 13:16:03-06:00,,,,,,,,,,,,.,,,12.70,2024:04:17 16:55:39-04:00,2024:04:17 16:55:39-04:00,2024:04:17 16:55:39-04:00,305029-flyer.pdf,-rw-r--r--,625 kB,PDF,pdf,,,,,,,,,,,,No,,,,,,,,,,application/pdf,2020:09:09 13:16:03-06:00,,1,1.3,,dompdf <75f13c70> + CPDF,,,,,,,,,,,,,,,,,,,,,,
305215-wideflyer.pdf,,,,,,2020:10:21 19:39:16-06:00,,,,,,,,,,,,.,,,12.70,2024:04:17 16:52:57-04:00,2024:04:17 16:52:57-04:00,2024:04:17 16:52:57-04:00,305215-wideflyer.pdf,-rw-r--r--,583 kB,PDF,pdf,,,,,,,,,,,,No,,,,,,,,,,application/pdf,2020:10:21 19:39:16-06:00,,1,1.3,,dompdf <75f13c70> + CPDF,,,,,,,,,,,,,,,,,,,,,,
306293-flyer.pdf,,,,,,2020:08:18 20:28:52-06:00,,,,,,,,,,,,.,,,12.70,2024:04:17 16:55:29-04:00,2024:04:17 16:55:30-04:00,2024:04:17 16:55:30-04:00,306293-flyer.pdf,-rw-r--r--,625 kB,PDF,pdf,,,,,,,,,,,,No,,,,,,,,,,application/pdf,2020:08:18 20:28:52-06:00,,1,1.3,,dompdf <75f13c70> + CPDF,,,,,,,,,,,,,,,,,,,,,,
306378-wideflyer.pdf,,,,,,2020:08:12 21:05:15-06:00,,,,,,,,,,,,.,,,12.70,2024:04:17 16:54:51-04:00,2024:04:17 16:54:51-04:00,2024:04:17 16:54:51-04:00,306378-wideflyer.pdf,-rw-r--r--,582 kB,PDF,pdf,,,,,,,,,,,,No,,,,,,,,,,application/pdf,2020:08:12 21:05:15-06:00,,1,1.3,,dompdf <75f13c70> + CPDF,,,,,,,,,,,,,,,,,,,,,,
306437-wideflyer.pdf,,,,,,2020:06:26 14:32:04-06:00,,,,,,,,,,,,.,,,12.70,2024:04:17 16:53:14-04:00,2024:04:17 16:53:15-04:00,2024:04:17 16:53:15-04:00,306437-wideflyer.pdf,-rw-r--r--,582 kB,PDF,pdf,,,,,,,,,,,,No,,,,,,,,,,application/pdf,2020:06:26 14:32:04-06:00,,1,1.3,,dompdf <75f13c70> + CPDF,,,,,,,,,,,,,,,,,,,,,,
306580-flyer.pdf,,,,,,2020:07:07 18:32:03-06:00,,,,,,,,,,,,.,,,12.70,2024:04:17 16:54:29-04:00,2024:04:17 16:54:30-04:00,2024:04:17 16:54:30-04:00,306580-flyer.pdf,-rw-r--r--,625 kB,PDF,pdf,,,,,,,,,,,,No,,,,,,,,,,application/pdf,2020:07:07 18:32:03-06:00,,1,1.3,,dompdf <75f13c70> + CPDF,,,,,,,,,,,,,,,,,,,,,,
306903-flyer.pdf,,,,,,2020:07:17 09:52:03-06:00,,,,,,,,,,,,.,,,12.70,2024:04:17 16:54:28-04:00,2024:04:17 16:54:28-04:00,2024:04:17 16:54:28-04:00,306903-flyer.pdf,-rw-r--r--,625 kB,PDF,pdf,,,,,,,,,,,,No,,,,,,,,,,application/pdf,2020:07:17 09:52:03-06:00,,1,1.3,,dompdf <75f13c70> + CPDF,,,,,,,,,,,,,,,,,,,,,,
307037-flyer.pdf,,,,,,2020:10:21 19:41:57-06:00,,,,,,,,,,,,.,,,12.70,2024:04:17 16:55:08-04:00,2024:04:17 16:55:08-04:00,2024:04:17 16:55:08-04:00,307037-flyer.pdf,-rw-r--r--,625 kB,PDF,pdf,,,,,,,,,,,,No,,,,,,,,,,application/pdf,2020:10:21 19:41:57-06:00,,1,1.3,,dompdf <75f13c70> + CPDF,,,,,,,,,,,,,,,,,,,,,,
307085-flyer.pdf,,,,,,2020:08:18 20:35:23-06:00,,,,,,,,,,,,.,,,12.70,2024:04:17 16:53:50-04:00,2024:04:17 16:53:50-04:00,2024:04:17 16:53:50-04:00,307085-flyer.pdf,-rw-r--r--,625 kB,PDF,pdf,,,,,,,,,,,,No,,,,,,,,,,application/pdf,2020:08:18 20:35:23-06:00,,1,1.3,,dompdf <75f13c70> + CPDF,,,,,,,,,,,,,,,,,,,,,,
307627-wideflyer.pdf,,,,,,2020:10:21 19:43:18-06:00,,,,,,,,,,,,.,,,12.70,2024:04:17 16:53:18-04:00,2024:04:17 16:53:18-04:00,2024:04:17 16:53:18-04:00,307627-wideflyer.pdf,-rw-r--r--,583 kB,PDF,pdf,,,,,,,,,,,,No,,,,,,,,,,application/pdf,2020:10:21 19:43:18-06:00,,1,1.3,,dompdf <75f13c70> + CPDF,,,,,,,,,,,,,,,,,,,,,,
307980-wideflyer.pdf,,,,,,2020:08:13 16:12:04-06:00,,,,,,,,,,,,.,,,12.70,2024:04:17 16:54:15-04:00,2024:04:17 16:54:15-04:00,2024:04:17 16:54:15-04:00,307980-wideflyer.pdf,-rw-r--r--,582 kB,PDF,pdf,,,,,,,,,,,,No,,,,,,,,,,application/pdf,2020:08:13 16:12:04-06:00,,1,1.3,,dompdf <75f13c70> + CPDF,,,,,,,,,,,,,,,,,,,,,,
308021-wideflyer.pdf,,,,,,2020:08:13 13:08:03-06:00,,,,,,,,,,,,.,,,12.70,2024:04:17 16:55:17-04:00,2024:04:17 16:55:17-04:00,2024:04:17 16:55:17-04:00,308021-wideflyer.pdf,-rw-r--r--,582 kB,PDF,pdf,,,,,,,,,,,,No,,,,,,,,,,application/pdf,2020:08:13 13:08:03-06:00,,1,1.3,,dompdf <75f13c70> + CPDF,,,,,,,,,,,,,,,,,,,,,,
308048-wideflyer.pdf,,,,,,2020:08:13 08:32:03-06:00,,,,,,,,,,,,.,,,12.70,2024:04:17 16:54:57-04:00,2024:04:17 16:54:58-04:00,2024:04:17 16:54:58-04:00,308048-wideflyer.pdf,-rw-r--r--,582 kB,PDF,pdf,,,,,,,,,,,,No,,,,,,,,,,application/pdf,2020:08:13 08:32:03-06:00,,1,1.3,,dompdf <75f13c70> + CPDF,,,,,,,,,,,,,,,,,,,,,,
308059-flyer.pdf,,,,,,2020:08:18 20:47:06-06:00,,,,,,,,,,,,.,,,12.70,2024:04:17 16:54:31-04:00,2024:04:17 16:54:31-04:00,2024:04:17 16:54:31-04:00,308059-flyer.pdf,-rw-r--r--,625 kB,PDF,pdf,,,,,,,,,,,,No,,,,,,,,,,application/pdf,2020:08:18 20:47:06-06:00,,1,1.3,,dompdf <75f13c70> + CPDF,,,,,,,,,,,,,,,,,,,,,,
308104-flyer.pdf,,,,,,2020:08:18 20:47:35-06:00,,,,,,,,,,,,.,,,12.70,2024:04:17 16:54:19-04:00,2024:04:17 16:54:20-04:00,2024:04:17 16:54:20-04:00,308104-flyer.pdf,-rw-r--r--,625 kB,PDF,pdf,,,,,,,,,,,,No,,,,,,,,,,application/pdf,2020:08:18 20:47:35-06:00,,1,1.3,,dompdf <75f13c70> + CPDF,,,,,,,,,,,,,,,,,,,,,,
308461-wideflyer.pdf,,,,,,2020:08:20 19:56:04-06:00,,,,,,,,,,,,.,,,12.70,2024:04:17 16:52:54-04:00,2024:04:17 16:52:55-04:00,2024:04:17 16:52:55-04:00,308461-wideflyer.pdf,-rw-r--r--,582 kB,PDF,pdf,,,,,,,,,,,,No,,,,,,,,,,application/pdf,2020:08:20 19:56:04-06:00,,1,1.3,,dompdf <75f13c70> + CPDF,,,,,,,,,,,,,,,,,,,,,,
308481-wideflyer.pdf,,,,,,2020:08:19 16:54:55-06:00,,,,,,,,,,,,.,,,12.70,2024:04:17 16:53:40-04:00,2024:04:17 16:53:40-04:00,2024:04:17 16:53:40-04:00,308481-wideflyer.pdf,-rw-r--r--,582 kB,PDF,pdf,,,,,,,,,,,,No,,,,,,,,,,application/pdf,2020:08:19 16:54:55-06:00,,1,1.3,,dompdf <75f13c70> + CPDF,,,,,,,,,,,,,,,,,,,,,,
308603-wideflyer.pdf,,,,,,2020:08:20 13:52:04-06:00,,,,,,,,,,,,.,,,12.70,2024:04:17 16:53:22-04:00,2024:04:17 16:53:22-04:00,2024:04:17 16:53:22-04:00,308603-wideflyer.pdf,-rw-r--r--,582 kB,PDF,pdf,,,,,,,,,,,,No,,,,,,,,,,application/pdf,2020:08:20 13:52:04-06:00,,1,1.3,,dompdf <75f13c70> + CPDF,,,,,,,,,,,,,,,,,,,,,,
308690-flyer.pdf,,,,,,2020:08:25 20:20:04-06:00,,,,,,,,,,,,.,,,12.70,2024:04:17 16:55:42-04:00,2024:04:17 16:55:42-04:00,2024:04:17 16:55:42-04:00,308690-flyer.pdf,-rw-r--r--,625 kB,PDF,pdf,,,,,,,,,,,,No,,,,,,,,,,application/pdf,2020:08:25 20:20:04-06:00,,1,1.3,,dompdf <75f13c70> + CPDF,,,,,,,,,,,,,,,,,,,,,,
309083-wideflyer.pdf,,,,,,2020:08:25 13:20:10-06:00,,,,,,,,,,,,.,,,12.70,2024:04:17 16:52:46-04:00,2024:04:17 16:52:47-04:00,2024:04:17 16:52:47-04:00,309083-wideflyer.pdf,-rw-r--r--,582 kB,PDF,pdf,,,,,,,,,,,,No,,,,,,,,,,application/pdf,2020:08:25 13:20:10-06:00,,1,1.3,,dompdf <75f13c70> + CPDF,,,,,,,,,,,,,,,,,,,,,,
309496-wideflyer.pdf,,,,,,2020:08:28 14:48:04-06:00,,,,,,,,,,,,.,,,12.70,2024:04:17 16:53:28-04:00,2024:04:17 16:53:29-04:00,2024:04:17 16:53:29-04:00,309496-wideflyer.pdf,-rw-r--r--,582 kB,PDF,pdf,,,,,,,,,,,,No,,,,,,,,,,application/pdf,2020:08:28 14:48:04-06:00,,1,1.3,,dompdf <75f13c70> + CPDF,,,,,,,,,,,,,,,,,,,,,,
309574-wideflyer.pdf,,,,,,2020:09:03 07:32:05-06:00,,,,,,,,,,,,.,,,12.70,2024:04:17 16:53:09-04:00,2024:04:17 16:53:09-04:00,2024:04:17 16:53:09-04:00,309574-wideflyer.pdf,-rw-r--r--,583 kB,PDF,pdf,,,,,,,,,,,,No,,,,,,,,,,application/pdf,2020:09:03 07:32:05-06:00,,1,1.3,,dompdf <75f13c70> + CPDF,,,,,,,,,,,,,,,,,,,,,,
309992-flyer.pdf,,,,,,2020:10:21 19:54:04-06:00,,,,,,,,,,,,.,,,12.70,2024:04:17 16:56:17-04:00,2024:04:17 16:56:17-04:00,2024:04:17 16:56:17-04:00,309992-flyer.pdf,-rw-r--r--,625 kB,PDF,pdf,,,,,,,,,,,,No,,,,,,,,,,application/pdf,2020:10:21 19:54:04-06:00,,1,1.3,,dompdf <75f13c70> + CPDF,,,,,,,,,,,,,,,,,,,,,,
310289-wideflyer.pdf,,,,,,2020:09:03 16:16:04-06:00,,,,,,,,,,,,.,,,12.70,2024:04:17 16:52:44-04:00,2024:04:17 16:52:45-04:00,2024:04:17 16:52:45-04:00,310289-wideflyer.pdf,-rw-r--r--,582 kB,PDF,pdf,,,,,,,,,,,,No,,,,,,,,,,application/pdf,2020:09:03 16:16:04-06:00,,1,1.3,,dompdf <75f13c70> + CPDF,,,,,,,,,,,,,,,,,,,,,,
311099-flyer.pdf,,,,,,2020:09:10 12:56:11-06:00,,,,,,,,,,,,.,,,12.70,2024:04:17 16:55:26-04:00,2024:04:17 16:55:27-04:00,2024:04:17 16:55:27-04:00,311099-flyer.pdf,-rw-r--r--,625 kB,PDF,pdf,,,,,,,,,,,,No,,,,,,,,,,application/pdf,2020:09:10 12:56:11-06:00,,1,1.3,,dompdf <75f13c70> + CPDF,,,,,,,,,,,,,,,,,,,,,,
311168-wideflyer.pdf,,,,,,2020:09:03 15:32:07-06:00,,,,,,,,,,,,.,,,12.70,2024:04:17 16:53:06-04:00,2024:04:17 16:53:06-04:00,2024:04:17 16:53:06-04:00,311168-wideflyer.pdf,-rw-r--r--,582 kB,PDF,pdf,,,,,,,,,,,,No,,,,,,,,,,application/pdf,2020:09:03 15:32:07-06:00,,1,1.3,,dompdf <75f13c70> + CPDF,,,,,,,,,,,,,,,,,,,,,,
311886-wideflyer.pdf,,,,,,2020:09:10 08:24:07-06:00,,,,,,,,,,,,.,,,12.70,2024:04:17 16:53:03-04:00,2024:04:17 16:53:03-04:00,2024:04:17 16:53:03-04:00,311886-wideflyer.pdf,-rw-r--r--,582 kB,PDF,pdf,,,,,,,,,,,,No,,,,,,,,,,application/pdf,2020:09:10 08:24:07-06:00,,1,1.3,,dompdf <75f13c70> + CPDF,,,,,,,,,,,,,,,,,,,,,,
312102-wideflyer.pdf,,,,,,2020:10:21 20:05:08-06:00,,,,,,,,,,,,.,,,12.70,2024:04:17 16:53:23-04:00,2024:04:17 16:53:23-04:00,2024:04:17 16:53:23-04:00,312102-wideflyer.pdf,-rw-r--r--,583 kB,PDF,pdf,,,,,,,,,,,,No,,,,,,,,,,application/pdf,2020:10:21 20:05:08-06:00,,1,1.3,,dompdf <75f13c70> + CPDF,,,,,,,,,,,,,,,,,,,,,,
312420-wideflyer.pdf,,,,,,2020:09:08 19:32:06-06:00,,,,,,,,,,,,.,,,12.70,2024:04:17 16:53:12-04:00,2024:04:17 16:53:12-04:00,2024:04:17 16:53:12-04:00,312420-wideflyer.pdf,-rw-r--r--,583 kB,PDF,pdf,,,,,,,,,,,,No,,,,,,,,,,application/pdf,2020:09:08 19:32:06-06:00,,1,1.3,,dompdf <75f13c70> + CPDF,,,,,,,,,,,,,,,,,,,,,,
312521-flyer.pdf,,,,,,2020:10:21 20:07:16-06:00,,,,,,,,,,,,.,,,12.70,2024:04:17 16:55:41-04:00,2024:04:17 16:55:41-04:00,2024:04:17 16:55:41-04:00,312521-flyer.pdf,-rw-r--r--,625 kB,PDF,pdf,,,,,,,,,,,,No,,,,,,,,,,application/pdf,2020:10:21 20:07:16-06:00,,1,1.3,,dompdf <75f13c70> + CPDF,,,,,,,,,,,,,,,,,,,,,,
312734-flyer.pdf,,,,,,2020:09:09 09:36:09-06:00,,,,,,,,,,,,.,,,12.70,2024:04:17 16:54:23-04:00,2024:04:17 16:54:23-04:00,2024:04:17 16:54:23-04:00,312734-flyer.pdf,-rw-r--r--,625 kB,PDF,pdf,,,,,,,,,,,,No,,,,,,,,,,application/pdf,2020:09:09 09:36:09-06:00,,1,1.3,,dompdf <75f13c70> + CPDF,,,,,,,,,,,,,,,,,,,,,,
313574-flyer.pdf,,,,,,2020:09:16 10:52:03-06:00,,,,,,,,,,,,.,,,12.70,2024:04:17 16:55:44-04:00,2024:04:17 16:55:45-04:00,2024:04:17 16:55:45-04:00,313574-flyer.pdf,-rw-r--r--,625 kB,PDF,pdf,,,,,,,,,,,,No,,,,,,,,,,application/pdf,2020:09:16 10:52:03-06:00,,1,1.3,,dompdf <75f13c70> + CPDF,,,,,,,,,,,,,,,,,,,,,,
313574-wideflyer.pdf,,,,,,2020:09:16 10:52:04-06:00,,,,,,,,,,,,.,,,12.70,2024:04:17 16:53:37-04:00,2024:04:17 16:53:38-04:00,2024:04:17 16:53:38-04:00,313574-wideflyer.pdf,-rw-r--r--,582 kB,PDF,pdf,,,,,,,,,,,,No,,,,,,,,,,application/pdf,2020:09:16 10:52:04-06:00,,1,1.3,,dompdf <75f13c70> + CPDF,,,,,,,,,,,,,,,,,,,,,,
313614-flyer.pdf,,,,,,2020:10:21 20:15:26-06:00,,,,,,,,,,,,.,,,12.70,2024:04:17 16:55:59-04:00,2024:04:17 16:55:59-04:00,2024:04:17 16:55:59-04:00,313614-flyer.pdf,-rw-r--r--,625 kB,PDF,pdf,,,,,,,,,,,,No,,,,,,,,,,application/pdf,2020:10:21 20:15:26-06:00,,1,1.3,,dompdf <75f13c70> + CPDF,,,,,,,,,,,,,,,,,,,,,,
314557-flyer.pdf,,,,,,2020:10:21 20:23:31-06:00,,,,,,,,,,,,.,,,12.70,2024:04:17 16:56:31-04:00,2024:04:17 16:56:31-04:00,2024:04:17 16:56:31-04:00,314557-flyer.pdf,-rw-r--r--,625 kB,PDF,pdf,,,,,,,,,,,,No,,,,,,,,,,application/pdf,2020:10:21 20:23:31-06:00,,1,1.3,,dompdf <75f13c70> + CPDF,,,,,,,,,,,,,,,,,,,,,,
314617-flyer.pdf,,,,,,2020:10:21 20:23:59-06:00,,,,,,,,,,,,.,,,12.70,2024:04:17 16:55:20-04:00,2024:04:17 16:55:20-04:00,2024:04:17 16:55:20-04:00,314617-flyer.pdf,-rw-r--r--,625 kB,PDF,pdf,,,,,,,,,,,,No,,,,,,,,,,application/pdf,2020:10:21 20:23:59-06:00,,1,1.3,,dompdf <75f13c70> + CPDF,,,,,,,,,,,,,,,,,,,,,,
314871-flyer.pdf,,,,,,2020:09:21 13:32:03-06:00,,,,,,,,,,,,.,,,12.70,2024:04:17 16:57:04-04:00,2024:04:17 16:57:05-04:00,2024:04:17 16:57:05-04:00,314871-flyer.pdf,-rw-r--r--,625 kB,PDF,pdf,,,,,,,,,,,,No,,,,,,,,,,application/pdf,2020:09:21 13:32:03-06:00,,1,1.3,,dompdf <75f13c70> + CPDF,,,,,,,,,,,,,,,,,,,,,,
314897-wideflyer.pdf,,,,,,2020:10:21 20:26:44-06:00,,,,,,,,,,,,.,,,12.70,2024:04:17 16:53:30-04:00,2024:04:17 16:53:30-04:00,2024:04:17 16:53:30-04:00,314897-wideflyer.pdf,-rw-r--r--,583 kB,PDF,pdf,,,,,,,,,,,,No,,,,,,,,,,application/pdf,2020:10:21 20:26:44-06:00,,1,1.3,,dompdf <75f13c70> + CPDF,,,,,,,,,,,,,,,,,,,,,,
314981-wideflyer.pdf,,,,,,2020:10:21 20:27:08-06:00,,,,,,,,,,,,.,,,12.70,2024:04:17 16:53:13-04:00,2024:04:17 16:53:13-04:00,2024:04:17 16:53:13-04:00,314981-wideflyer.pdf,-rw-r--r--,583 kB,PDF,pdf,,,,,,,,,,,,No,,,,,,,,,,application/pdf,2020:10:21 20:27:08-06:00,,1,1.3,,dompdf <75f13c70> + CPDF,,,,,,,,,,,,,,,,,,,,,,
315032-flyer.pdf,,,,,,2020:10:21 20:27:41-06:00,,,,,,,,,,,,.,,,12.70,2024:04:17 16:54:18-04:00,2024:04:17 16:54:18-04:00,2024:04:17 16:54:18-04:00,315032-flyer.pdf,-rw-r--r--,625 kB,PDF,pdf,,,,,,,,,,,,No,,,,,,,,,,application/pdf,2020:10:21 20:27:41-06:00,,1,1.3,,dompdf <75f13c70> + CPDF,,,,,,,,,,,,,,,,,,,,,,
315095-flyer.pdf,,,,,,2020:09:21 09:44:07-06:00,,,,,,,,,,,,.,,,12.70,2024:04:17 16:56:57-04:00,2024:04:17 16:56:58-04:00,2024:04:17 16:56:58-04:00,315095-flyer.pdf,-rw-r--r--,625 kB,PDF,pdf,,,,,,,,,,,,No,,,,,,,,,,application/pdf,2020:09:21 09:44:07-06:00,,1,1.3,,dompdf <75f13c70> + CPDF,,,,,,,,,,,,,,,,,,,,,,
315108-wideflyer.pdf,,,,,,2020:10:21 20:28:11-06:00,,,,,,,,,,,,.,,,12.70,2024:04:17 16:52:41-04:00,2024:04:17 16:52:42-04:00,2024:04:17 16:52:42-04:00,315108-wideflyer.pdf,-rw-r--r--,583 kB,PDF,pdf,,,,,,,,,,,,No,,,,,,,,,,application/pdf,2020:10:21 20:28:11-06:00,,1,1.3,,dompdf <75f13c70> + CPDF,,,,,,,,,,,,,,,,,,,,,,
315420-wideflyer.pdf,,,,,,2020:10:21 20:31:35-06:00,,,,,,,,,,,,.,,,12.70,2024:04:17 16:53:16-04:00,2024:04:17 16:53:16-04:00,2024:04:17 16:53:16-04:00,315420-wideflyer.pdf,-rw-r--r--,583 kB,PDF,pdf,,,,,,,,,,,,No,,,,,,,,,,application/pdf,2020:10:21 20:31:35-06:00,,1,1.3,,dompdf <75f13c70> + CPDF,,,,,,,,,,,,,,,,,,,,,,
315879-flyer.pdf,,,,,,2020:10:21 20:36:51-06:00,,,,,,,,,,,,.,,,12.70,2024:04:17 16:56:14-04:00,2024:04:17 16:56:14-04:00,2024:04:17 16:56:14-04:00,315879-flyer.pdf,-rw-r--r--,625 kB,PDF,pdf,,,,,,,,,,,,No,,,,,,,,,,application/pdf,2020:10:21 20:36:51-06:00,,1,1.3,,dompdf <75f13c70> + CPDF,,,,,,,,,,,,,,,,,,,,,,
316041-flyer.pdf,,,,,,2020:09:24 10:12:03-06:00,,,,,,,,,,,,.,,,12.70,2024:04:17 16:55:24-04:00,2024:04:17 16:55:24-04:00,2024:04:17 16:55:24-04:00,316041-flyer.pdf,-rw-r--r--,625 kB,PDF,pdf,,,,,,,,,,,,No,,,,,,,,,,application/pdf,2020:09:24 10:12:03-06:00,,1,1.3,,dompdf <75f13c70> + CPDF,,,,,,,,,,,,,,,,,,,,,,
316398-flyer.pdf,,,,,,2020:10:21 20:44:52-06:00,,,,,,,,,,,,.,,,12.70,2024:04:17 16:56:00-04:00,2024:04:17 16:56:00-04:00,2024:04:17 16:56:00-04:00,316398-flyer.pdf,-rw-r--r--,625 kB,PDF,pdf,,,,,,,,,,,,No,,,,,,,,,,application/pdf,2020:10:21 20:44:52-06:00,,1,1.3,,dompdf <75f13c70> + CPDF,,,,,,,,,,,,,,,,,,,,,,
316999-flyer.pdf,,,,,,2020:10:21 20:53:20-06:00,,,,,,,,,,,,.,,,12.70,2024:04:17 16:53:55-04:00,2024:04:17 16:53:55-04:00,2024:04:17 16:53:55-04:00,316999-flyer.pdf,-rw-r--r--,625 kB,PDF,pdf,,,,,,,,,,,,No,,,,,,,,,,application/pdf,2020:10:21 20:53:20-06:00,,1,1.3,,dompdf <75f13c70> + CPDF,,,,,,,,,,,,,,,,,,,,,,
317275-wideflyer.pdf,,,,,,2020:10:21 20:58:47-06:00,,,,,,,,,,,,.,,,12.70,2024:04:17 16:52:56-04:00,2024:04:17 16:52:56-04:00,2024:04:17 16:52:56-04:00,317275-wideflyer.pdf,-rw-r--r--,583 kB,PDF,pdf,,,,,,,,,,,,No,,,,,,,,,,application/pdf,2020:10:21 20:58:47-06:00,,1,1.3,,dompdf <75f13c70> + CPDF,,,,,,,,,,,,,,,,,,,,,,
317489-wideflyer.pdf,,,,,,2020:10:01 12:04:04-06:00,,,,,,,,,,,,.,,,12.70,2024:04:17 16:53:00-04:00,2024:04:17 16:53:02-04:00,2024:04:17 16:53:02-04:00,317489-wideflyer.pdf,-rw-r--r--,582 kB,PDF,pdf,,,,,,,,,,,,No,,,,,,,,,,application/pdf,2020:10:01 12:04:04-06:00,,1,1.3,,dompdf <75f13c70> + CPDF,,,,,,,,,,,,,,,,,,,,,,
317543-wideflyer.pdf,,,,,,2020:10:21 21:05:00-06:00,,,,,,,,,,,,.,,,12.70,2024:04:17 16:53:05-04:00,2024:04:17 16:53:05-04:00,2024:04:17 16:53:05-04:00,317543-wideflyer.pdf,-rw-r--r--,583 kB,PDF,pdf,,,,,,,,,,,,No,,,,,,,,,,application/pdf,2020:10:21 21:05:00-06:00,,1,1.3,,dompdf <75f13c70> + CPDF,,,,,,,,,,,,,,,,,,,,,,
317669-flyer.pdf,,,,,,2020:10:21 21:08:29-06:00,,,,,,,,,,,,.,,,12.70,2024:04:17 16:55:54-04:00,2024:04:17 16:55:54-04:00,2024:04:17 16:55:54-04:00,317669-flyer.pdf,-rw-r--r--,625 kB,PDF,pdf,,,,,,,,,,,,No,,,,,,,,,,application/pdf,2020:10:21 21:08:29-06:00,,1,1.3,,dompdf <75f13c70> + CPDF,,,,,,,,,,,,,,,,,,,,,,
317903-wideflyer.pdf,,,,,,2020:10:21 21:14:51-06:00,,,,,,,,,,,,.,,,12.70,2024:04:17 16:52:47-04:00,2024:04:17 16:52:48-04:00,2024:04:17 16:52:48-04:00,317903-wideflyer.pdf,-rw-r--r--,583 kB,PDF,pdf,,,,,,,,,,,,No,,,,,,,,,,application/pdf,2020:10:21 21:14:51-06:00,,1,1.3,,dompdf <75f13c70> + CPDF,,,,,,,,,,,,,,,,,,,,,,
318224-flyer.pdf,,,,,,2020:10:21 21:25:13-06:00,,,,,,,,,,,,.,,,12.70,2024:04:17 16:55:38-04:00,2024:04:17 16:55:38-04:00,2024:04:17 16:55:38-04:00,318224-flyer.pdf,-rw-r--r--,625 kB,PDF,pdf,,,,,,,,,,,,No,,,,,,,,,,application/pdf,2020:10:21 21:25:13-06:00,,1,1.3,,dompdf <75f13c70> + CPDF,,,,,,,,,,,,,,,,,,,,,,
318382-wideflyer.pdf,,,,,,2020:10:21 21:29:56-06:00,,,,,,,,,,,,.,,,12.70,2024:04:17 16:52:50-04:00,2024:04:17 16:52:51-04:00,2024:04:17 16:52:51-04:00,318382-wideflyer.pdf,-rw-r--r--,583 kB,PDF,pdf,,,,,,,,,,,,No,,,,,,,,,,application/pdf,2020:10:21 21:29:56-06:00,,1,1.3,,dompdf <75f13c70> + CPDF,,,,,,,,,,,,,,,,,,,,,,
318451-wideflyer.pdf,,,,,,2020:10:21 21:31:46-06:00,,,,,,,,,,,,.,,,12.70,2024:04:17 16:52:43-04:00,2024:04:17 16:52:43-04:00,2024:04:17 16:52:43-04:00,318451-wideflyer.pdf,-rw-r--r--,583 kB,PDF,pdf,,,,,,,,,,,,No,,,,,,,,,,application/pdf,2020:10:21 21:31:46-06:00,,1,1.3,,dompdf <75f13c70> + CPDF,,,,,,,,,,,,,,,,,,,,,,
319808-wideflyer.pdf,,,,,,2020:10:21 22:10:06-06:00,,,,,,,,,,,,.,,,12.70,2024:04:17 16:53:26-04:00,2024:04:17 16:53:27-04:00,2024:04:17 16:53:27-04:00,319808-wideflyer.pdf,-rw-r--r--,583 kB,PDF,pdf,,,,,,,,,,,,No,,,,,,,,,,application/pdf,2020:10:21 22:10:06-06:00,,1,1.3,,dompdf <75f13c70> + CPDF,,,,,,,,,,,,,,,,,,,,,,
319852-flyer.pdf,,,,,,2020:10:21 22:11:13-06:00,,,,,,,,,,,,.,,,12.70,2024:04:17 16:54:22-04:00,2024:04:17 16:54:22-04:00,2024:04:17 16:54:22-04:00,319852-flyer.pdf,-rw-r--r--,625 kB,PDF,pdf,,,,,,,,,,,,No,,,,,,,,,,application/pdf,2020:10:21 22:11:13-06:00,,1,1.3,,dompdf <75f13c70> + CPDF,,,,,,,,,,,,,,,,,,,,,,
319852-wideflyer.pdf,,,,,,2020:10:21 22:11:14-06:00,,,,,,,,,,,,.,,,12.70,2024:04:17 16:52:52-04:00,2024:04:17 16:52:52-04:00,2024:04:17 16:52:52-04:00,319852-wideflyer.pdf,-rw-r--r--,583 kB,PDF,pdf,,,,,,,,,,,,No,,,,,,,,,,application/pdf,2020:10:21 22:11:14-06:00,,1,1.3,,dompdf <75f13c70> + CPDF,,,,,,,,,,,,,,,,,,,,,,
321209-flyer.pdf,,,,,,2020:10:22 13:24:04-06:00,,,,,,,,,,,,.,,,12.70,2024:04:17 16:54:10-04:00,2024:04:17 16:54:10-04:00,2024:04:17 16:54:10-04:00,321209-flyer.pdf,-rw-r--r--,625 kB,PDF,pdf,,,,,,,,,,,,No,,,,,,,,,,application/pdf,2020:10:22 13:24:04-06:00,,1,1.3,,dompdf <75f13c70> + CPDF,,,,,,,,,,,,,,,,,,,,,,
322072-flyer.pdf,,,,,,2020:10:26 08:56:07-06:00,,,,,,,,,,,,.,,,12.70,2024:04:17 16:55:03-04:00,2024:04:17 16:55:04-04:00,2024:04:17 16:55:04-04:00,322072-flyer.pdf,-rw-r--r--,625 kB,PDF,pdf,,,,,,,,,,,,No,,,,,,,,,,application/pdf,2020:10:26 08:56:07-06:00,,1,1.3,,dompdf <75f13c70> + CPDF,,,,,,,,,,,,,,,,,,,,,,
322941-flyer.pdf,,,,,,2020:10:29 13:08:06-06:00,,,,,,,,,,,,.,,,12.70,2024:04:17 16:53:43-04:00,2024:04:17 16:53:43-04:00,2024:04:17 16:53:43-04:00,322941-flyer.pdf,-rw-r--r--,625 kB,PDF,pdf,,,,,,,,,,,,No,,,,,,,,,,application/pdf,2020:10:29 13:08:06-06:00,,1,1.3,,dompdf <75f13c70> + CPDF,,,,,,,,,,,,,,,,,,,,,,
323036-flyer.pdf,,,,,,2020:10:30 09:56:03-06:00,,,,,,,,,,,,.,,,12.70,2024:04:17 16:56:29-04:00,2024:04:17 16:56:30-04:00,2024:04:17 16:56:30-04:00,323036-flyer.pdf,-rw-r--r--,625 kB,PDF,pdf,,,,,,,,,,,,No,,,,,,,,,,application/pdf,2020:10:30 09:56:03-06:00,,1,1.3,,dompdf <75f13c70> + CPDF,,,,,,,,,,,,,,,,,,,,,,
324028-flyer.pdf,,,,,,2020:11:10 08:20:04-07:00,,,,,,,,,,,,.,,,12.70,2024:04:17 16:55:47-04:00,2024:04:17 16:55:47-04:00,2024:04:17 16:55:47-04:00,324028-flyer.pdf,-rw-r--r--,625 kB,PDF,pdf,,,,,,,,,,,,No,,,,,,,,,,application/pdf,2020:11:10 08:20:04-07:00,,1,1.3,,dompdf <75f13c70> + CPDF,,,,,,,,,,,,,,,,,,,,,,
324169-flyer.pdf,,,,,,2020:11:11 13:48:09-07:00,,,,,,,,,,,,.,,,12.70,2024:04:17 16:53:58-04:00,2024:04:17 16:53:58-04:00,2024:04:17 16:53:58-04:00,324169-flyer.pdf,-rw-r--r--,625 kB,PDF,pdf,,,,,,,,,,,,No,,,,,,,,,,application/pdf,2020:11:11 13:48:09-07:00,,1,1.3,,dompdf <75f13c70> + CPDF,,,,,,,,,,,,,,,,,,,,,,
324174-flyer.pdf,,,,,,2020:11:14 11:00:03-07:00,,,,,,,,,,,,.,,,12.70,2024:04:17 16:53:35-04:00,2024:04:17 16:53:35-04:00,2024:04:17 16:53:35-04:00,324174-flyer.pdf,-rw-r--r--,625 kB,PDF,pdf,,,,,,,,,,,,No,,,,,,,,,,application/pdf,2020:11:14 11:00:03-07:00,,1,1.3,,dompdf <75f13c70> + CPDF,,,,,,,,,,,,,,,,,,,,,,
324532-flyer.pdf,,,,,,2020:11:11 10:04:03-07:00,,,,,,,,,,,,.,,,12.70,2024:04:17 16:55:37-04:00,2024:04:17 16:55:37-04:00,2024:04:17 16:55:37-04:00,324532-flyer.pdf,-rw-r--r--,625 kB,PDF,pdf,,,,,,,,,,,,No,,,,,,,,,,application/pdf,2020:11:11 10:04:03-07:00,,1,1.3,,dompdf <75f13c70> + CPDF,,,,,,,,,,,,,,,,,,,,,,
324934-flyer.pdf,,,,,,2020:11:13 06:04:06-07:00,,,,,,,,,,,,.,,,12.70,2024:04:17 16:56:02-04:00,2024:04:17 16:56:02-04:00,2024:04:17 16:56:02-04:00,324934-flyer.pdf,-rw-r--r--,625 kB,PDF,pdf,,,,,,,,,,,,No,,,,,,,,,,application/pdf,2020:11:13 06:04:06-07:00,,1,1.3,,dompdf <75f13c70> + CPDF,,,,,,,,,,,,,,,,,,,,,,
325000-flyer.pdf,,,,,,2020:11:16 08:36:12-07:00,,,,,,,,,,,,.,,,12.70,2024:04:17 16:53:36-04:00,2024:04:17 16:53:36-04:00,2024:04:17 16:53:36-04:00,325000-flyer.pdf,-rw-r--r--,625 kB,PDF,pdf,,,,,,,,,,,,No,,,,,,,,,,application/pdf,2020:11:16 08:36:12-07:00,,1,1.3,,dompdf <75f13c70> + CPDF,,,,,,,,,,,,,,,,,,,,,,
325164-flyer.pdf,,,,,,2020:11:16 09:40:04-07:00,,,,,,,,,,,,.,,,12.70,2024:04:17 16:53:51-04:00,2024:04:17 16:53:51-04:00,2024:04:17 16:53:51-04:00,325164-flyer.pdf,-rw-r--r--,625 kB,PDF,pdf,,,,,,,,,,,,No,,,,,,,,,,application/pdf,2020:11:16 09:40:04-07:00,,1,1.3,,dompdf <75f13c70> + CPDF,,,,,,,,,,,,,,,,,,,,,,
325380-flyer.pdf,,,,,,2020:11:24 11:28:03-07:00,,,,,,,,,,,,.,,,12.70,2024:04:17 16:53:56-04:00,2024:04:17 16:53:57-04:00,2024:04:17 16:53:57-04:00,325380-flyer.pdf,-rw-r--r--,625 kB,PDF,pdf,,,,,,,,,,,,No,,,,,,,,,,application/pdf,2020:11:24 11:28:03-07:00,,1,1.3,,dompdf <75f13c70> + CPDF,,,,,,,,,,,,,,,,,,,,,,
325665-flyer.pdf,,,,,,2020:11:20 07:36:15-07:00,,,,,,,,,,,,.,,,12.70,2024:04:17 16:54:40-04:00,2024:04:17 16:54:41-04:00,2024:04:17 16:54:41-04:00,325665-flyer.pdf,-rw-r--r--,625 kB,PDF,pdf,,,,,,,,,,,,No,,,,,,,,,,application/pdf,2020:11:20 07:36:15-07:00,,1,1.3,,dompdf <75f13c70> + CPDF,,,,,,,,,,,,,,,,,,,,,,
326524-flyer.pdf,,,,,,2020:12:03 14:04:06-07:00,,,,,,,,,,,,.,,,12.70,2024:04:17 16:53:52-04:00,2024:04:17 16:53:53-04:00,2024:04:17 16:53:53-04:00,326524-flyer.pdf,-rw-r--r--,625 kB,PDF,pdf,,,,,,,,,,,,No,,,,,,,,,,application/pdf,2020:12:03 14:04:06-07:00,,1,1.3,,dompdf <75f13c70> + CPDF,,,,,,,,,,,,,,,,,,,,,,
326533-flyer.pdf,,,,,,2020:12:03 13:16:05-07:00,,,,,,,,,,,,.,,,12.70,2024:04:17 16:54:13-04:00,2024:04:17 16:54:13-04:00,2024:04:17 16:54:13-04:00,326533-flyer.pdf,-rw-r--r--,625 kB,PDF,pdf,,,,,,,,,,,,No,,,,,,,,,,application/pdf,2020:12:03 13:16:05-07:00,,1,1.3,,dompdf <75f13c70> + CPDF,,,,,,,,,,,,,,,,,,,,,,
327468-flyer.pdf,,,,,,2020:12:21 08:48:03-07:00,,,,,,,,,,,,.,,,12.70,2024:04:17 16:56:13-04:00,2024:04:17 16:56:13-04:00,2024:04:17 16:56:13-04:00,327468-flyer.pdf,-rw-r--r--,625 kB,PDF,pdf,,,,,,,,,,,,No,,,,,,,,,,application/pdf,2020:12:21 08:48:03-07:00,,1,1.3,,dompdf <75f13c70> + CPDF,,,,,,,,,,,,,,,,,,,,,,
328219-flyer.pdf,,,,,,2021:01:10 21:20:03-07:00,,,,,,,,,,,,.,,,12.70,2024:04:17 16:54:07-04:00,2024:04:17 16:54:07-04:00,2024:04:17 16:54:07-04:00,328219-flyer.pdf,-rw-r--r--,625 kB,PDF,pdf,,,,,,,,,,,,No,,,,,,,,,,application/pdf,2021:01:10 21:20:03-07:00,,1,1.3,,dompdf <75f13c70> + CPDF,,,,,,,,,,,,,,,,,,,,,,
329439-flyer.pdf,,,,,,2021:01:13 10:04:06-07:00,,,,,,,,,,,,.,,,12.70,2024:04:17 16:53:39-04:00,2024:04:17 16:53:39-04:00,2024:04:17 16:53:39-04:00,329439-flyer.pdf,-rw-r--r--,625 kB,PDF,pdf,,,,,,,,,,,,No,,,,,,,,,,application/pdf,2021:01:13 10:04:06-07:00,,1,1.3,,dompdf <75f13c70> + CPDF,,,,,,,,,,,,,,,,,,,,,,
329486-flyer.pdf,,,,,,2021:01:12 14:16:02-07:00,,,,,,,,,,,,.,,,12.70,2024:04:17 16:54:53-04:00,2024:04:17 16:54:54-04:00,2024:04:17 16:54:54-04:00,329486-flyer.pdf,-rw-r--r--,625 kB,PDF,pdf,,,,,,,,,,,,No,,,,,,,,,,application/pdf,2021:01:12 14:16:02-07:00,,1,1.3,,dompdf <75f13c70> + CPDF,,,,,,,,,,,,,,,,,,,,,,
330050-flyer.pdf,,,,,,2021:01:14 14:28:28-07:00,,,,,,,,,,,,.,,,12.70,2024:04:17 16:53:47-04:00,2024:04:17 16:53:48-04:00,2024:04:17 16:53:48-04:00,330050-flyer.pdf,-rw-r--r--,625 kB,PDF,pdf,,,,,,,,,,,,No,,,,,,,,,,application/pdf,2021:01:14 14:28:28-07:00,,1,1.3,,dompdf <75f13c70> + CPDF,,,,,,,,,,,,,,,,,,,,,,
330340-flyer.pdf,,,,,,2021:01:20 08:52:11-07:00,,,,,,,,,,,,.,,,12.70,2024:04:17 16:55:50-04:00,2024:04:17 16:55:51-04:00,2024:04:17 16:55:51-04:00,330340-flyer.pdf,-rw-r--r--,625 kB,PDF,pdf,,,,,,,,,,,,No,,,,,,,,,,application/pdf,2021:01:20 08:52:11-07:00,,1,1.3,,dompdf <75f13c70> + CPDF,,,,,,,,,,,,,,,,,,,,,,
330654-flyer.pdf,,,,,,2021:01:22 14:12:04-07:00,,,,,,,,,,,,.,,,12.70,2024:04:17 16:54:06-04:00,2024:04:17 16:54:06-04:00,2024:04:17 16:54:06-04:00,330654-flyer.pdf,-rw-r--r--,625 kB,PDF,pdf,,,,,,,,,,,,No,,,,,,,,,,application/pdf,2021:01:22 14:12:04-07:00,,1,1.3,,dompdf <75f13c70> + CPDF,,,,,,,,,,,,,,,,,,,,,,
330908-flyer.pdf,,,,,,2021:02:01 13:12:04-07:00,,,,,,,,,,,,.,,,12.70,2024:04:17 16:56:38-04:00,2024:04:17 16:56:38-04:00,2024:04:17 16:56:38-04:00,330908-flyer.pdf,-rw-r--r--,625 kB,PDF,pdf,,,,,,,,,,,,No,,,,,,,,,,application/pdf,2021:02:01 13:12:04-07:00,,1,1.3,,dompdf <75f13c70> + CPDF,,,,,,,,,,,,,,,,,,,,,,
331224-flyer.pdf,,,,,,2021:01:25 14:32:09-07:00,,,,,,,,,,,,.,,,12.70,2024:04:17 16:56:28-04:00,2024:04:17 16:56:28-04:00,2024:04:17 16:56:28-04:00,331224-flyer.pdf,-rw-r--r--,625 kB,PDF,pdf,,,,,,,,,,,,No,,,,,,,,,,application/pdf,2021:01:25 14:32:09-07:00,,1,1.3,,dompdf <75f13c70> + CPDF,,,,,,,,,,,,,,,,,,,,,,
331565-flyer.pdf,,,,,,2021:01:25 20:48:04-07:00,,,,,,,,,,,,.,,,12.70,2024:04:17 16:53:54-04:00,2024:04:17 16:53:54-04:00,2024:04:17 16:53:54-04:00,331565-flyer.pdf,-rw-r--r--,625 kB,PDF,pdf,,,,,,,,,,,,No,,,,,,,,,,application/pdf,2021:01:25 20:48:04-07:00,,1,1.3,,dompdf <75f13c70> + CPDF,,,,,,,,,,,,,,,,,,,,,,
333376-flyer.pdf,,,,,,2021:02:04 15:16:05-07:00,,,,,,,,,,,,.,,,12.70,2024:04:17 16:54:47-04:00,2024:04:17 16:54:47-04:00,2024:04:17 16:54:47-04:00,333376-flyer.pdf,-rw-r--r--,625 kB,PDF,pdf,,,,,,,,,,,,No,,,,,,,,,,application/pdf,2021:02:04 15:16:05-07:00,,1,1.3,,dompdf <75f13c70> + CPDF,,,,,,,,,,,,,,,,,,,,,,
334065-flyer.pdf,,,,,,2021:02:08 13:56:06-07:00,,,,,,,,,,,,.,,,12.70,2024:04:17 16:56:15-04:00,2024:04:17 16:56:16-04:00,2024:04:17 16:56:16-04:00,334065-flyer.pdf,-rw-r--r--,625 kB,PDF,pdf,,,,,,,,,,,,No,,,,,,,,,,application/pdf,2021:02:08 13:56:06-07:00,,1,1.3,,dompdf <75f13c70> + CPDF,,,,,,,,,,,,,,,,,,,,,,
334172-flyer.pdf,,,,,,2021:02:09 19:00:04-07:00,,,,,,,,,,,,.,,,12.70,2024:04:17 16:54:32-04:00,2024:04:17 16:54:32-04:00,2024:04:17 16:54:32-04:00,334172-flyer.pdf,-rw-r--r--,625 kB,PDF,pdf,,,,,,,,,,,,No,,,,,,,,,,application/pdf,2021:02:09 19:00:04-07:00,,1,1.3,,dompdf <75f13c70> + CPDF,,,,,,,,,,,,,,,,,,,,,,
334256-flyer.pdf,,,,,,2021:02:11 11:36:04-07:00,,,,,,,,,,,,.,,,12.70,2024:04:17 16:56:03-04:00,2024:04:17 16:56:03-04:00,2024:04:17 16:56:03-04:00,334256-flyer.pdf,-rw-r--r--,625 kB,PDF,pdf,,,,,,,,,,,,No,,,,,,,,,,application/pdf,2021:02:11 11:36:04-07:00,,1,1.3,,dompdf <75f13c70> + CPDF,,,,,,,,,,,,,,,,,,,,,,
334602-flyer.pdf,,,,,,2021:02:22 14:28:02-07:00,,,,,,,,,,,,.,,,12.70,2024:04:17 16:55:56-04:00,2024:04:17 16:55:57-04:00,2024:04:17 16:55:57-04:00,334602-flyer.pdf,-rw-r--r--,625 kB,PDF,pdf,,,,,,,,,,,,No,,,,,,,,,,application/pdf,2021:02:22 14:28:02-07:00,,1,1.3,,dompdf <75f13c70> + CPDF,,,,,,,,,,,,,,,,,,,,,,
334967-flyer.pdf,,,,,,2021:02:12 10:56:06-07:00,,,,,,,,,,,,.,,,12.70,2024:04:17 16:56:49-04:00,2024:04:17 16:56:50-04:00,2024:04:17 16:56:50-04:00,334967-flyer.pdf,-rw-r--r--,625 kB,PDF,pdf,,,,,,,,,,,,No,,,,,,,,,,application/pdf,2021:02:12 10:56:06-07:00,,1,1.3,,dompdf <75f13c70> + CPDF,,,,,,,,,,,,,,,,,,,,,,
335453-flyer.pdf,,,,,,2021:02:16 07:40:19-07:00,,,,,,,,,,,,.,,,12.70,2024:04:17 16:56:18-04:00,2024:04:17 16:56:18-04:00,2024:04:17 16:56:18-04:00,335453-flyer.pdf,-rw-r--r--,625 kB,PDF,pdf,,,,,,,,,,,,No,,,,,,,,,,application/pdf,2021:02:16 07:40:19-07:00,,1,1.3,,dompdf <75f13c70> + CPDF,,,,,,,,,,,,,,,,,,,,,,
336243-flyer.pdf,,,,,,2021:02:26 08:36:04-07:00,,,,,,,,,,,,.,,,12.70,2024:04:17 16:55:30-04:00,2024:04:17 16:55:31-04:00,2024:04:17 16:55:31-04:00,336243-flyer.pdf,-rw-r--r--,625 kB,PDF,pdf,,,,,,,,,,,,No,,,,,,,,,,application/pdf,2021:02:26 08:36:04-07:00,,1,1.3,,dompdf <75f13c70> + CPDF,,,,,,,,,,,,,,,,,,,,,,
337127-flyer.pdf,,,,,,2021:03:03 09:56:05-07:00,,,,,,,,,,,,.,,,12.70,2024:04:17 16:55:35-04:00,2024:04:17 16:55:36-04:00,2024:04:17 16:55:36-04:00,337127-flyer.pdf,-rw-r--r--,625 kB,PDF,pdf,,,,,,,,,,,,No,,,,,,,,,,application/pdf,2021:03:03 09:56:05-07:00,,1,1.3,,dompdf <75f13c70> + CPDF,,,,,,,,,,,,,,,,,,,,,,
337337-flyer.pdf,,,,,,2021:02:26 13:56:15-07:00,,,,,,,,,,,,.,,,12.70,2024:04:17 16:54:24-04:00,2024:04:17 16:54:25-04:00,2024:04:17 16:54:25-04:00,337337-flyer.pdf,-rw-r--r--,625 kB,PDF,pdf,,,,,,,,,,,,No,,,,,,,,,,application/pdf,2021:02:26 13:56:15-07:00,,1,1.3,,dompdf <75f13c70> + CPDF,,,,,,,,,,,,,,,,,,,,,,
338811-flyer.pdf,,,,,,2021:03:06 11:56:05-07:00,,,,,,,,,,,,.,,,12.70,2024:04:17 16:54:04-04:00,2024:04:17 16:54:05-04:00,2024:04:17 16:54:05-04:00,338811-flyer.pdf,-rw-r--r--,625 kB,PDF,pdf,,,,,,,,,,,,No,,,,,,,,,,application/pdf,2021:03:06 11:56:05-07:00,,1,1.3,,dompdf <75f13c70> + CPDF,,,,,,,,,,,,,,,,,,,,,,
340445-flyer.pdf,,,,,,2021:03:17 15:36:12-06:00,,,,,,,,,,,,.,,,12.70,2024:04:17 16:55:13-04:00,2024:04:17 16:55:14-04:00,2024:04:17 16:55:14-04:00,340445-flyer.pdf,-rw-r--r--,625 kB,PDF,pdf,,,,,,,,,,,,No,,,,,,,,,,application/pdf,2021:03:17 15:36:12-06:00,,1,1.3,,dompdf <75f13c70> + CPDF,,,,,,,,,,,,,,,,,,,,,,
340665-flyer.pdf,,,,,,2021:03:21 06:04:03-06:00,,,,,,,,,,,,.,,,12.70,2024:04:17 16:56:52-04:00,2024:04:17 16:56:52-04:00,2024:04:17 16:56:52-04:00,340665-flyer.pdf,-rw-r--r--,625 kB,PDF,pdf,,,,,,,,,,,,No,,,,,,,,,,application/pdf,2021:03:21 06:04:03-06:00,,1,1.3,,dompdf <75f13c70> + CPDF,,,,,,,,,,,,,,,,,,,,,,
342342-flyer.pdf,,,,,,2021:03:30 19:16:03-06:00,,,,,,,,,,,,.,,,12.70,2024:04:17 16:54:01-04:00,2024:04:17 16:54:02-04:00,2024:04:17 16:54:02-04:00,342342-flyer.pdf,-rw-r--r--,625 kB,PDF,pdf,,,,,,,,,,,,No,,,,,,,,,,application/pdf,2021:03:30 19:16:03-06:00,,1,1.3,,dompdf <75f13c70> + CPDF,,,,,,,,,,,,,,,,,,,,,,
342573-flyer.pdf,,,,,,2021:04:07 13:16:02-06:00,,,,,,,,,,,,.,,,12.70,2024:04:17 16:54:43-04:00,2024:04:17 16:54:43-04:00,2024:04:17 16:54:43-04:00,342573-flyer.pdf,-rw-r--r--,625 kB,PDF,pdf,,,,,,,,,,,,No,,,,,,,,,,application/pdf,2021:04:07 13:16:02-06:00,,1,1.3,,dompdf <75f13c70> + CPDF,,,,,,,,,,,,,,,,,,,,,,
342935-flyer.pdf,,,,,,2021:04:01 14:16:05-06:00,,,,,,,,,,,,.,,,12.70,2024:04:17 16:55:21-04:00,2024:04:17 16:55:21-04:00,2024:04:17 16:55:21-04:00,342935-flyer.pdf,-rw-r--r--,625 kB,PDF,pdf,,,,,,,,,,,,No,,,,,,,,,,application/pdf,2021:04:01 14:16:05-06:00,,1,1.3,,dompdf <75f13c70> + CPDF,,,,,,,,,,,,,,,,,,,,,,
343750-flyer.pdf,,,,,,2021:04:08 13:56:09-06:00,,,,,,,,,,,,.,,,12.70,2024:04:17 16:56:19-04:00,2024:04:17 16:56:20-04:00,2024:04:17 16:56:20-04:00,343750-flyer.pdf,-rw-r--r--,625 kB,PDF,pdf,,,,,,,,,,,,No,,,,,,,,,,application/pdf,2021:04:08 13:56:09-06:00,,1,1.3,,dompdf <75f13c70> + CPDF,,,,,,,,,,,,,,,,,,,,,,
343790-flyer.pdf,,,,,,2021:04:13 09:08:13-06:00,,,,,,,,,,,,.,,,12.70,2024:04:17 16:54:03-04:00,2024:04:17 16:54:03-04:00,2024:04:17 16:54:03-04:00,343790-flyer.pdf,-rw-r--r--,625 kB,PDF,pdf,,,,,,,,,,,,No,,,,,,,,,,application/pdf,2021:04:13 09:08:13-06:00,,1,1.3,,dompdf <75f13c70> + CPDF,,,,,,,,,,,,,,,,,,,,,,
344333-flyer.pdf,,,,,,2021:04:18 07:40:03-06:00,,,,,,,,,,,,.,,,12.70,2024:04:17 16:55:34-04:00,2024:04:17 16:55:34-04:00,2024:04:17 16:55:34-04:00,344333-flyer.pdf,-rw-r--r--,625 kB,PDF,pdf,,,,,,,,,,,,No,,,,,,,,,,application/pdf,2021:04:18 07:40:03-06:00,,1,1.3,,dompdf <75f13c70> + CPDF,,,,,,,,,,,,,,,,,,,,,,
345128-flyer.pdf,,,,,,2021:04:22 13:56:08-06:00,,,,,,,,,,,,.,,,12.70,2024:04:17 16:56:34-04:00,2024:04:17 16:56:34-04:00,2024:04:17 16:56:34-04:00,345128-flyer.pdf,-rw-r--r--,625 kB,PDF,pdf,,,,,,,,,,,,No,,,,,,,,,,application/pdf,2021:04:22 13:56:08-06:00,,1,1.3,,dompdf <75f13c70> + CPDF,,,,,,,,,,,,,,,,,,,,,,
345826-flyer.pdf,,,,,,2021:05:04 14:52:04-06:00,,,,,,,,,,,,.,,,12.70,2024:04:17 16:56:32-04:00,2024:04:17 16:56:32-04:00,2024:04:17 16:56:32-04:00,345826-flyer.pdf,-rw-r--r--,625 kB,PDF,pdf,,,,,,,,,,,,No,,,,,,,,,,application/pdf,2021:05:04 14:52:04-06:00,,1,1.3,,dompdf <75f13c70> + CPDF,,,,,,,,,,,,,,,,,,,,,,
346199-flyer.pdf,,,,,,2021:05:11 09:36:11-06:00,,,,,,,,,,,,.,,,12.70,2024:04:17 16:53:45-04:00,2024:04:17 16:53:46-04:00,2024:04:17 16:53:46-04:00,346199-flyer.pdf,-rw-r--r--,625 kB,PDF,pdf,,,,,,,,,,,,No,,,,,,,,,,application/pdf,2021:05:11 09:36:11-06:00,,1,1.3,,dompdf <75f13c70> + CPDF,,,,,,,,,,,,,,,,,,,,,,
346380-flyer.pdf,,,,,,2021:05:11 09:04:08-06:00,,,,,,,,,,,,.,,,12.70,2024:04:17 16:54:11-04:00,2024:04:17 16:54:12-04:00,2024:04:17 16:54:12-04:00,346380-flyer.pdf,-rw-r--r--,625 kB,PDF,pdf,,,,,,,,,,,,No,,,,,,,,,,application/pdf,2021:05:11 09:04:08-06:00,,1,1.3,,dompdf <75f13c70> + CPDF,,,,,,,,,,,,,,,,,,,,,,
348204-flyer.pdf,,,,,,2021:06:22 17:12:03-06:00,,,,,,,,,,,,.,,,12.70,2024:04:17 16:55:28-04:00,2024:04:17 16:55:28-04:00,2024:04:17 16:55:28-04:00,348204-flyer.pdf,-rw-r--r--,625 kB,PDF,pdf,,,,,,,,,,,,No,,,,,,,,,,application/pdf,2021:06:22 17:12:03-06:00,,1,1.3,,dompdf <75f13c70> + CPDF,,,,,,,,,,,,,,,,,,,,,,
349818-flyer.pdf,,,,,,2021:07:21 09:52:14-06:00,,,,,,,,,,,,.,,,12.70,2024:04:17 16:55:49-04:00,2024:04:17 16:55:49-04:00,2024:04:17 16:55:49-04:00,349818-flyer.pdf,-rw-r--r--,625 kB,PDF,pdf,,,,,,,,,,,,No,,,,,,,,,,application/pdf,2021:07:21 09:52:14-06:00,,1,1.3,,dompdf <75f13c70> + CPDF,,,,,,,,,,,,,,,,,,,,,,
350098-flyer.pdf,,,,,,2021:07:23 10:16:18-06:00,,,,,,,,,,,,.,,,12.70,2024:04:17 16:54:35-04:00,2024:04:17 16:54:37-04:00,2024:04:17 16:54:37-04:00,350098-flyer.pdf,-rw-r--r--,625 kB,PDF,pdf,,,,,,,,,,,,No,,,,,,,,,,application/pdf,2021:07:23 10:16:18-06:00,,1,1.3,,dompdf <75f13c70> + CPDF,,,,,,,,,,,,,,,,,,,,,,
350398-flyer.pdf,,,,,,2021:07:26 14:08:09-06:00,,,,,,,,,,,,.,,,12.70,2024:04:17 16:53:49-04:00,2024:04:17 16:53:49-04:00,2024:04:17 16:53:49-04:00,350398-flyer.pdf,-rw-r--r--,625 kB,PDF,pdf,,,,,,,,,,,,No,,,,,,,,,,application/pdf,2021:07:26 14:08:09-06:00,,1,1.3,,dompdf <75f13c70> + CPDF,,,,,,,,,,,,,,,,,,,,,,
350456-flyer.pdf,,,,,,2021:07:27 15:36:03-06:00,,,,,,,,,,,,.,,,12.70,2024:04:17 16:56:35-04:00,2024:04:17 16:56:36-04:00,2024:04:17 16:56:36-04:00,350456-flyer.pdf,-rw-r--r--,625 kB,PDF,pdf,,,,,,,,,,,,No,,,,,,,,,,application/pdf,2021:07:27 15:36:03-06:00,,1,1.3,,dompdf <75f13c70> + CPDF,,,,,,,,,,,,,,,,,,,,,,
352680-flyer.pdf,,,,,,2021:08:12 12:44:03-06:00,,,,,,,,,,,,.,,,12.70,2024:04:17 16:54:09-04:00,2024:04:17 16:54:09-04:00,2024:04:17 16:54:09-04:00,352680-flyer.pdf,-rw-r--r--,625 kB,PDF,pdf,,,,,,,,,,,,No,,,,,,,,,,application/pdf,2021:08:12 12:44:03-06:00,,1,1.3,,dompdf <75f13c70> + CPDF,,,,,,,,,,,,,,,,,,,,,,
352693-flyer.pdf,,,,,,2021:08:12 20:08:05-06:00,,,,,,,,,,,,.,,,12.70,2024:04:17 16:56:39-04:00,2024:04:17 16:56:40-04:00,2024:04:17 16:56:40-04:00,352693-flyer.pdf,-rw-r--r--,625 kB,PDF,pdf,,,,,,,,,,,,No,,,,,,,,,,application/pdf,2021:08:12 20:08:05-06:00,,1,1.3,,dompdf <75f13c70> + CPDF,,,,,,,,,,,,,,,,,,,,,,
353605-flyer.pdf,,,,,,2021:08:19 13:08:03-06:00,,,,,,,,,,,,.,,,12.70,2024:04:17 16:54:16-04:00,2024:04:17 16:54:17-04:00,2024:04:17 16:54:17-04:00,353605-flyer.pdf,-rw-r--r--,625 kB,PDF,pdf,,,,,,,,,,,,No,,,,,,,,,,application/pdf,2021:08:19 13:08:03-06:00,,1,1.3,,dompdf <75f13c70> + CPDF,,,,,,,,,,,,,,,,,,,,,,
362432-flyer.pdf,,,,,,2021:09:22 16:44:04-06:00,,,,,,,,,,,,.,,,12.70,2024:04:17 16:57:09-04:00,2024:04:17 16:57:09-04:00,2024:04:17 16:57:09-04:00,362432-flyer.pdf,-rw-r--r--,405 kB,PDF,pdf,,,,,,,,,,,,No,,,,,,,,,,application/pdf,2021:09:22 16:44:04-06:00,,1,1.3,,dompdf <75f13c70> + CPDF,,,,,,,,,,,,,,,,,,,,,,
369144-flyer.pdf,,,,,,2021:10:19 18:40:03-06:00,,,,,,,,,,,,.,,,12.70,2024:04:17 16:57:38-04:00,2024:04:17 16:57:38-04:00,2024:04:17 16:57:38-04:00,369144-flyer.pdf,-rw-r--r--,405 kB,PDF,pdf,,,,,,,,,,,,No,,,,,,,,,,application/pdf,2021:10:19 18:40:03-06:00,,1,1.3,,dompdf <75f13c70> + CPDF,,,,,,,,,,,,,,,,,,,,,,
387410-flyer.pdf,,,,,,2022:02:09 10:48:03-07:00,,,,,,,,,,,,.,,,12.70,2024:04:17 16:56:59-04:00,2024:04:17 16:56:59-04:00,2024:04:17 16:56:59-04:00,387410-flyer.pdf,-rw-r--r--,405 kB,PDF,pdf,,,,,,,,,,,,No,,,,,,,,,,application/pdf,2022:02:09 10:48:03-07:00,,1,1.3,,dompdf <75f13c70> + CPDF,,,,,,,,,,,,,,,,,,,,,,
388424-flyer.pdf,,,,,,2022:02:16 08:16:04-07:00,,,,,,,,,,,,.,,,12.70,2024:04:17 16:57:37-04:00,2024:04:17 16:57:37-04:00,2024:04:17 16:57:37-04:00,388424-flyer.pdf,-rw-r--r--,405 kB,PDF,pdf,,,,,,,,,,,,No,,,,,,,,,,application/pdf,2022:02:16 08:16:04-07:00,,1,1.3,,dompdf <75f13c70> + CPDF,,,,,,,,,,,,,,,,,,,,,,
390876-flyer.pdf,,,,,,2022:02:28 13:32:04-07:00,,,,,,,,,,,,.,,,12.70,2024:04:17 16:57:34-04:00,2024:04:17 16:57:34-04:00,2024:04:17 16:57:34-04:00,390876-flyer.pdf,-rw-r--r--,405 kB,PDF,pdf,,,,,,,,,,,,No,,,,,,,,,,application/pdf,2022:02:28 13:32:04-07:00,,1,1.3,,dompdf <75f13c70> + CPDF,,,,,,,,,,,,,,,,,,,,,,
396596-flyer.pdf,,,,,,2022:06:09 11:56:02-06:00,,,,,,,,,,,,.,,,12.70,2024:04:17 16:57:27-04:00,2024:04:17 16:57:27-04:00,2024:04:17 16:57:27-04:00,396596-flyer.pdf,-rw-r--r--,405 kB,PDF,pdf,,,,,,,,,,,,No,,,,,,,,,,application/pdf,2022:06:09 11:56:02-06:00,,1,1.3,,dompdf <75f13c70> + CPDF,,,,,,,,,,,,,,,,,,,,,,
399054-flyer.pdf,,,,,,2022:07:18 10:48:03-06:00,,,,,,,,,,,,.,,,12.70,2024:04:17 16:57:03-04:00,2024:04:17 16:57:03-04:00,2024:04:17 16:57:03-04:00,399054-flyer.pdf,-rw-r--r--,405 kB,PDF,pdf,,,,,,,,,,,,No,,,,,,,,,,application/pdf,2022:07:18 10:48:03-06:00,,1,1.3,,dompdf <75f13c70> + CPDF,,,,,,,,,,,,,,,,,,,,,,
399461-flyer.pdf,,,,,,2022:07:24 18:48:02-06:00,,,,,,,,,,,,.,,,12.70,2024:04:17 16:57:06-04:00,2024:04:17 16:57:06-04:00,2024:04:17 16:57:06-04:00,399461-flyer.pdf,-rw-r--r--,405 kB,PDF,pdf,,,,,,,,,,,,No,,,,,,,,,,application/pdf,2022:07:24 18:48:02-06:00,,1,1.3,,dompdf <75f13c70> + CPDF,,,,,,,,,,,,,,,,,,,,,,
400987-flyer.pdf,,,,,,2022:08:01 13:12:03-06:00,,,,,,,,,,,,.,,,12.70,2024:04:17 16:57:10-04:00,2024:04:17 16:57:10-04:00,2024:04:17 16:57:10-04:00,400987-flyer.pdf,-rw-r--r--,405 kB,PDF,pdf,,,,,,,,,,,,No,,,,,,,,,,application/pdf,2022:08:01 13:12:03-06:00,,1,1.3,,dompdf <75f13c70> + CPDF,,,,,,,,,,,,,,,,,,,,,,
405643_027_BMK_WEB.pdf,,,,,,,,,,,,,,,,,,.,,File is empty,12.70,2024:04:17 16:52:26-04:00,2024:04:17 16:52:26-04:00,2024:04:17 16:52:26-04:00,405643_027_BMK_WEB.pdf,-rw-r--r--,0 bytes,,,,,,,,,,,,,,,,,,,,,,,,,,,,,,,,,,,,,,,,,,,,,,,,,,,,
408056-flyer.pdf,,,,,,2022:09:01 22:16:03-06:00,,,,,,,,,,,,.,,,12.70,2024:04:17 16:57:23-04:00,2024:04:17 16:57:24-04:00,2024:04:17 16:57:24-04:00,408056-flyer.pdf,-rw-r--r--,405 kB,PDF,pdf,,,,,,,,,,,,No,,,,,,,,,,application/pdf,2022:09:01 22:16:03-06:00,,1,1.3,,dompdf <75f13c70> + CPDF,,,,,,,,,,,,,,,,,,,,,,
430723-flyer.pdf,,,,,,2023:01:17 16:04:05-07:00,,,,,,,,,,,,.,,,12.70,2024:04:17 16:57:13-04:00,2024:04:17 16:57:13-04:00,2024:04:17 16:57:13-04:00,430723-flyer.pdf,-rw-r--r--,405 kB,PDF,pdf,,,,,,,,,,,,No,,,,,,,,,,application/pdf,2023:01:17 16:04:05-07:00,,1,1.3,,dompdf <75f13c70> + CPDF,,,,,,,,,,,,,,,,,,,,,,
432948-flyer.pdf,,,,,,2023:01:26 07:20:03-07:00,,,,,,,,,,,,.,,,12.70,2024:04:17 16:57:17-04:00,2024:04:17 16:57:17-04:00,2024:04:17 16:57:17-04:00,432948-flyer.pdf,-rw-r--r--,405 kB,PDF,pdf,,,,,,,,,,,,No,,,,,,,,,,application/pdf,2023:01:26 07:20:03-07:00,,1,1.3,,dompdf <75f13c70> + CPDF,,,,,,,,,,,,,,,,,,,,,,
438932-flyer.pdf,,,,,,2023:04:15 06:44:03-06:00,,,,,,,,,,,,.,,,12.70,2024:04:17 16:57:15-04:00,2024:04:17 16:57:16-04:00,2024:04:17 16:57:16-04:00,438932-flyer.pdf,-rw-r--r--,405 kB,PDF,pdf,,,,,,,,,,,,No,,,,,,,,,,application/pdf,2023:04:15 06:44:03-06:00,,1,1.3,,dompdf <75f13c70> + CPDF,,,,,,,,,,,,,,,,,,,,,,
445356-flyer.pdf,,,,,,2023:07:20 07:28:05-06:00,,,,,,,,,,,,.,,,12.70,2024:04:17 16:56:56-04:00,2024:04:17 16:56:56-04:00,2024:04:17 16:56:56-04:00,445356-flyer.pdf,-rw-r--r--,405 kB,PDF,pdf,,,,,,,,,,,,No,,,,,,,,,,application/pdf,2023:07:20 07:28:05-06:00,,1,1.3,,dompdf <75f13c70> + CPDF,,,,,,,,,,,,,,,,,,,,,,
447142-flyer.pdf,,,,,,2023:08:09 11:12:03-06:00,,,,,,,,,,,,.,,,12.70,2024:04:17 16:57:28-04:00,2024:04:17 16:57:29-04:00,2024:04:17 16:57:29-04:00,447142-flyer.pdf,-rw-r--r--,405 kB,PDF,pdf,,,,,,,,,,,,No,,,,,,,,,,application/pdf,2023:08:09 11:12:03-06:00,,1,1.3,,dompdf <75f13c70> + CPDF,,,,,,,,,,,,,,,,,,,,,,
447271-flyer.pdf,,,,,,2023:07:28 08:24:06-06:00,,,,,,,,,,,,.,,,12.70,2024:04:17 16:57:21-04:00,2024:04:17 16:57:21-04:00,2024:04:17 16:57:21-04:00,447271-flyer.pdf,-rw-r--r--,405 kB,PDF,pdf,,,,,,,,,,,,No,,,,,,,,,,application/pdf,2023:07:28 08:24:06-06:00,,1,1.3,,dompdf <75f13c70> + CPDF,,,,,,,,,,,,,,,,,,,,,,
467987-flyer.pdf,,,,,,2023:10:26 17:08:09-06:00,,,,,,,,,,,,.,,,12.70,2024:04:17 16:57:39-04:00,2024:04:17 16:57:40-04:00,2024:04:17 16:57:40-04:00,467987-flyer.pdf,-rw-r--r--,405 kB,PDF,pdf,,,,,,,,,,,,No,,,,,,,,,,application/pdf,2023:10:26 17:08:09-06:00,,1,1.3,,dompdf <75f13c70> + CPDF,,,,,,,,,,,,,,,,,,,,,,
471397-flyer.pdf,,,,,,2023:11:13 17:08:10-07:00,,,,,,,,,,,,.,,,12.70,2024:04:17 16:57:35-04:00,2024:04:17 16:57:35-04:00,2024:04:17 16:57:35-04:00,471397-flyer.pdf,-rw-r--r--,405 kB,PDF,pdf,,,,,,,,,,,,No,,,,,,,,,,application/pdf,2023:11:13 17:08:10-07:00,,1,1.3,,dompdf <75f13c70> + CPDF,,,,,,,,,,,,,,,,,,,,,,
475288-flyer.pdf,,,,,,2024:04:10 14:24:02-06:00,,,,,,,,,,,,.,,,12.70,2024:04:17 16:57:46-04:00,2024:04:17 16:57:46-04:00,2024:04:17 16:57:46-04:00,475288-flyer.pdf,-rw-r--r--,405 kB,PDF,pdf,,,,,,,,,,,,No,,,,,,,,,,application/pdf,2024:04:10 14:24:02-06:00,,1,1.3,,dompdf <75f13c70> + CPDF,,,,,,,,,,,,,,,,,,,,,,
487233-flyer.pdf,,,,,,2024:02:16 14:20:21-07:00,,,,,,,,,,,,.,,,12.70,2024:04:17 16:57:25-04:00,2024:04:17 16:57:26-04:00,2024:04:17 16:57:26-04:00,487233-flyer.pdf,-rw-r--r--,405 kB,PDF,pdf,,,,,,,,,,,,No,,,,,,,,,,application/pdf,2024:02:16 14:20:21-07:00,,1,1.3,,dompdf <75f13c70> + CPDF,,,,,,,,,,,,,,,,,,,,,,
A08.03b+Director+Code+of+Conduct.pdf,,,,,,,,,,,,,,,,,,.,,File is empty,12.70,2024:04:17 16:52:40-04:00,2024:04:17 16:52:40-04:00,2024:04:17 16:52:40-04:00,A08.03b+Director+Code+of+Conduct.pdf,-rw-r--r--,0 bytes,,,,,,,,,,,,,,,,,,,,,,,,,,,,,,,,,,,,,,,,,,,,,,,,,,,,
Amended+and+Restated+Bylaws+%28May+18%2C+2021%29.pdf,,,,,,,,,,,,,,,,,,.,,File is empty,12.70,2024:04:17 16:57:50-04:00,2024:04:17 16:57:50-04:00,2024:04:17 16:57:50-04:00,Amended+and+Restated+Bylaws+%28May+18%2C+2021%29.pdf,-rw-r--r--,0 bytes,,,,,,,,,,,,,,,,,,,,,,,,,,,,,,,,,,,,,,,,,,,,,,,,,,,,
Audit+and+Risk+Comm+Charter+%28Dec+2023%29.pdf,,,,,,,,,,,,,,,,,,.,,File is empty,12.70,2024:04:17 16:57:48-04:00,2024:04:17 16:57:48-04:00,2024:04:17 16:57:48-04:00,Audit+and+Risk+Comm+Charter+%28Dec+2023%29.pdf,-rw-r--r--,0 bytes,,,,,,,,,,,,,,,,,,,,,,,,,,,,,,,,,,,,,,,,,,,,,,,,,,,,
Audit+and+Risk+Comm+Charter+%28Feb+5%2C+2021%29.pdf,,,,,,,,,,,,,,,,,,.,,File is empty,12.70,2024:04:17 16:57:53-04:00,2024:04:17 16:57:53-04:00,2024:04:17 16:57:53-04:00,Audit+and+Risk+Comm+Charter+%28Feb+5%2C+2021%29.pdf,-rw-r--r--,0 bytes,,,,,,,,,,,,,,,,,,,,,,,,,,,,,,,,,,,,,,,,,,,,,,,,,,,,
Audit+and+Risk+Comm+Charter+%28Sept+2022%29.pdf,,,,,,,,,,,,,,,,,,.,,File is empty,12.70,2024:04:17 16:57:49-04:00,2024:04:17 16:57:49-04:00,2024:04:17 16:57:49-04:00,Audit+and+Risk+Comm+Charter+%28Sept+2022%29.pdf,-rw-r--r--,0 bytes,,,,,,,,,,,,,,,,,,,,,,,,,,,,,,,,,,,,,,,,,,,,,,,,,,,,
Audit+Committee+Charter_%28Sept+2019%29.pdf,,,,,,,,,,,,,,,,,,.,,File is empty,12.70,2024:04:17 16:53:03-04:00,2024:04:17 16:53:03-04:00,2024:04:17 16:53:03-04:00,Audit+Committee+Charter_%28Sept+2019%29.pdf,-rw-r--r--,0 bytes,,,,,,,,,,,,,,,,,,,,,,,,,,,,,,,,,,,,,,,,,,,,,,,,,,,,
Audit+Committee+Charter+%28Sept+2020%29.pdf,,,,,,,,,,,,,,,,,,.,,File is empty,12.70,2024:04:17 16:52:42-04:00,2024:04:17 16:52:42-04:00,2024:04:17 16:52:42-04:00,Audit+Committee+Charter+%28Sept+2020%29.pdf,-rw-r--r--,0 bytes,,,,,,,,,,,,,,,,,,,,,,,,,,,,,,,,,,,,,,,,,,,,,,,,,,,,
Audit+Committee+Charter+-+Revised+December+12+2017.pdf,,,,,,,,,,,,,,,,,,.,,File is empty,12.70,2024:04:17 16:56:58-04:00,2024:04:17 16:56:58-04:00,2024:04:17 16:56:58-04:00,Audit+Committee+Charter+-+Revised+December+12+2017.pdf,-rw-r--r--,0 bytes,,,,,,,,,,,,,,,,,,,,,,,,,,,,,,,,,,,,,,,,,,,,,,,,,,,,
CHIPOTLE+_10K_Ebook+proof+V2+color.pdf,,,,,,,,,,,,,,,,,,.,,File is empty,12.70,2024:04:17 16:52:34-04:00,2024:04:17 16:52:34-04:00,2024:04:17 16:52:34-04:00,CHIPOTLE+_10K_Ebook+proof+V2+color.pdf,-rw-r--r--,0 bytes,,,,,,,,,,,,,,,,,,,,,,,,,,,,,,,,,,,,,,,,,,,,,,,,,,,,
Chipotle_2010+Annual+Report.pdf,,,,,,,,,,,,,,,,,,.,,File is empty,12.70,2024:04:17 16:52:28-04:00,2024:04:17 16:52:28-04:00,2024:04:17 16:52:28-04:00,Chipotle_2010+Annual+Report.pdf,-rw-r--r--,0 bytes,,,,,,,,,,,,,,,,,,,,,,,,,,,,,,,,,,,,,,,,,,,,,,,,,,,,
Chipotle_AR06.pdf,,,,,,,,,,,,,,,,,,.,,File is empty,12.70,2024:04:17 16:52:26-04:00,2024:04:17 16:52:26-04:00,2024:04:17 16:52:26-04:00,Chipotle_AR06.pdf,-rw-r--r--,0 bytes,,,,,,,,,,,,,,,,,,,,,,,,,,,,,,,,,,,,,,,,,,,,,,,,,,,,
Chipotle_Code_of_Ethics_External_02.17.2020.pdf,,,,,,,,,,,,,,,,,,.,,File is empty,12.70,2024:04:17 16:52:30-04:00,2024:04:17 16:52:30-04:00,2024:04:17 16:52:30-04:00,Chipotle_Code_of_Ethics_External_02.17.2020.pdf,-rw-r--r--,0 bytes,,,,,,,,,,,,,,,,,,,,,,,,,,,,,,,,,,,,,,,,,,,,,,,,,,,,
Chipotle_Corporate+Governance+Guidelines_May+2017.pdf,,,,,,,,,,,,,,,,,,.,,File is empty,12.70,2024:04:17 16:52:30-04:00,2024:04:17 16:52:30-04:00,2024:04:17 16:52:30-04:00,Chipotle_Corporate+Governance+Guidelines_May+2017.pdf,-rw-r--r--,0 bytes,,,,,,,,,,,,,,,,,,,,,,,,,,,,,,,,,,,,,,,,,,,,,,,,,,,,
Chipotle+-+Earnings+Release+Non-gaap+reconciliation+for+IR+site.pdf,,,,,,,,,,,,,,,,,,.,,File is empty,12.70,2024:04:17 16:57:52-04:00,2024:04:17 16:57:52-04:00,2024:04:17 16:57:52-04:00,Chipotle+-+Earnings+Release+Non-gaap+reconciliation+for+IR+site.pdf,-rw-r--r--,0 bytes,,,,,,,,,,,,,,,,,,,,,,,,,,,,,,,,,,,,,,,,,,,,,,,,,,,,
Chipotle+Government+Affairs+Engagement+Policy+2023+Revised+FINAL.pdf,,,,,,,,,,,,,,,,,,.,,File is empty,12.70,2024:04:17 16:55:40-04:00,2024:04:17 16:55:40-04:00,2024:04:17 16:55:40-04:00,Chipotle+Government+Affairs+Engagement+Policy+2023+Revised+FINAL.pdf,-rw-r--r--,0 bytes,,,,,,,,,,,,,,,,,,,,,,,,,,,,,,,,,,,,,,,,,,,,,,,,,,,,
Chipotle+Government+Affairs+Engagement+Policy+2023+Updated+9.25.23.pdf,,,,,,,,,,,,,,,,,,.,,File is empty,12.70,2024:04:17 16:57:51-04:00,2024:04:17 16:57:51-04:00,2024:04:17 16:57:51-04:00,Chipotle+Government+Affairs+Engagement+Policy+2023+Updated+9.25.23.pdf,-rw-r--r--,0 bytes,,,,,,,,,,,,,,,,,,,,,,,,,,,,,,,,,,,,,,,,,,,,,,,,,,,,
Chipotle+Government+Affairs+Engagement+Policy+2024.pdf,,,,,,,,,,,,,,,,,,.,,File is empty,12.70,2024:04:17 16:52:36-04:00,2024:04:17 16:52:36-04:00,2024:04:17 16:52:36-04:00,Chipotle+Government+Affairs+Engagement+Policy+2024.pdf,-rw-r--r--,0 bytes,,,,,,,,,,,,,,,,,,,,,,,,,,,,,,,,,,,,,,,,,,,,,,,,,,,,
Chipotle+Government+Affairs+Engagement+Policy.pdf,,,,,,,,,,,,,,,,,,.,,File is empty,12.70,2024:04:17 16:52:35-04:00,2024:04:17 16:52:35-04:00,2024:04:17 16:52:35-04:00,Chipotle+Government+Affairs+Engagement+Policy.pdf,-rw-r--r--,0 bytes,,,,,,,,,,,,,,,,,,,,,,,,,,,,,,,,,,,,,,,,,,,,,,,,,,,,
Chipotle+Q12023+NON-GAAP+RECONCILIATION.pdf,,,,,,,,,,,,,,,,,,.,,File is empty,12.70,2024:04:17 16:52:35-04:00,2024:04:17 16:52:35-04:00,2024:04:17 16:52:35-04:00,Chipotle+Q12023+NON-GAAP+RECONCILIATION.pdf,-rw-r--r--,0 bytes,,,,,,,,,,,,,,,,,,,,,,,,,,,,,,,,,,,,,,,,,,,,,,,,,,,,
CHIPOTLE-Q22023-NON-GAAP-RECONCILIATION.pdf,,,,,,,,,,,,,,,,,,.,,File is empty,12.70,2024:04:17 16:52:34-04:00,2024:04:17 16:52:34-04:00,2024:04:17 16:52:34-04:00,CHIPOTLE-Q22023-NON-GAAP-RECONCILIATION.pdf,-rw-r--r--,0 bytes,,,,,,,,,,,,,,,,,,,,,,,,,,,,,,,,,,,,,,,,,,,,,,,,,,,,
chipotle-sustainability-report-2020-executive-summary.pdf,,,,,,2021:04:14 21:51:03-07:00,Adobe InDesign 16.1 (Macintosh),Adobe InDesign 16.1 (Macintosh),xmp.did:62f84b37-95d9-4e3c-8b2c-e2142e4e7b7e,xmp.iid:a9fd489f-9035-42f2-a812-fcfbc2b8da21,xmp.did:9104ceaf-ed76-4c52-8aef-a004da2c3953,default,,,,,,.,xmp.id:25465b9f-877e-402b-9d6d-02fc77635a59,,12.70,2024:04:17 16:57:59-04:00,2024:04:17 16:58:02-04:00,2024:04:17 16:58:02-04:00,chipotle-sustainability-report-2020-executive-summary.pdf,-rw-r--r--,38 MB,PDF,pdf,application/pdf,,,,converted,/,from application/x-indesign to application/pdf,Adobe InDesign 16.1 (Macintosh),2021:04:14 21:51:03-07:00,uuid:d88bf380-2aae-0c47-9b95-c361ca72fd98,en-US,Yes,,,,,,,,,2021:04:14 21:51:35-07:00,application/pdf,2021:04:14 21:51:35-07:00,xmp.did:9104ceaf-ed76-4c52-8aef-a004da2c3953,18,1.4,,Adobe PDF Library 15.0,,,,,,,,,,,,,,proof:pdf,Yes,,False,,,,,"Adobe XMP Core 6.0-c004 79.164570, 2020/11/18-15:51:46        "
CMG_2011+Annual+Report.pdf,,,,,,,,,,,,,,,,,,.,,File is empty,12.70,2024:04:17 16:52:29-04:00,2024:04:17 16:52:29-04:00,2024:04:17 16:52:29-04:00,CMG_2011+Annual+Report.pdf,-rw-r--r--,0 bytes,,,,,,,,,,,,,,,,,,,,,,,,,,,,,,,,,,,,,,,,,,,,,,,,,,,,
Code+of+Conduct+-+U.S._June2016.pdf,,,,,,,,,,,,,,,,,,.,,File is empty,12.70,2024:04:17 16:53:15-04:00,2024:04:17 16:53:15-04:00,2024:04:17 16:53:15-04:00,Code+of+Conduct+-+U.S._June2016.pdf,-rw-r--r--,0 bytes,,,,,,,,,,,,,,,,,,,,,,,,,,,,,,,,,,,,,,,,,,,,,,,,,,,,
Code+of+Ethics+2021+-+External.pdf,,,,,,,,,,,,,,,,,,.,,File is empty,12.70,2024:04:17 16:52:37-04:00,2024:04:17 16:52:37-04:00,2024:04:17 16:52:37-04:00,Code+of+Ethics+2021+-+External.pdf,-rw-r--r--,0 bytes,,,,,,,,,,,,,,,,,,,,,,,,,,,,,,,,,,,,,,,,,,,,,,,,,,,,
Code+of+Ethics_English_March-2023.pdf,,,,,,,,,,,,,,,,,,.,,File is empty,12.70,2024:04:17 16:52:31-04:00,2024:04:17 16:52:31-04:00,2024:04:17 16:52:31-04:00,Code+of+Ethics_English_March-2023.pdf,-rw-r--r--,0 bytes,,,,,,,,,,,,,,,,,,,,,,,,,,,,,,,,,,,,,,,,,,,,,,,,,,,,
Code-of-Ethics-English-May2022-External.pdf,,,,,,,,,,,,,,,,,,.,,File is empty,12.70,2024:04:17 16:52:36-04:00,2024:04:17 16:52:36-04:00,2024:04:17 16:52:36-04:00,Code-of-Ethics-English-May2022-External.pdf,-rw-r--r--,0 bytes,,,,,,,,,,,,,,,,,,,,,,,,,,,,,,,,,,,,,,,,,,,,,,,,,,,,
Code+of+Ethics+for+CEO+-+2018.pdf,,,,,,,,,,,,,,,,,,.,,File is empty,12.70,2024:04:17 16:53:59-04:00,2024:04:17 16:53:59-04:00,2024:04:17 16:53:59-04:00,Code+of+Ethics+for+CEO+-+2018.pdf,-rw-r--r--,0 bytes,,,,,,,,,,,,,,,,,,,,,,,,,,,,,,,,,,,,,,,,,,,,,,,,,,,,
Code+of+Ethics+for+CFO+-+September+2013.pdf,,,,,,,,,,,,,,,,,,.,,File is empty,12.70,2024:04:17 16:57:47-04:00,2024:04:17 16:57:47-04:00,2024:04:17 16:57:47-04:00,Code+of+Ethics+for+CFO+-+September+2013.pdf,-rw-r--r--,0 bytes,,,,,,,,,,,,,,,,,,,,,,,,,,,,,,,,,,,,,,,,,,,,,,,,,,,,
Code+of+Ethics+for+Executive+Chairman+-+2018.pdf,,,,,,,,,,,,,,,,,,.,,File is empty,12.70,2024:04:17 16:57:47-04:00,2024:04:17 16:57:47-04:00,2024:04:17 16:57:47-04:00,Code+of+Ethics+for+Executive+Chairman+-+2018.pdf,-rw-r--r--,0 bytes,,,,,,,,,,,,,,,,,,,,,,,,,,,,,,,,,,,,,,,,,,,,,,,,,,,,
Compensation+Committee+Charter+%28Sept+2019%29.pdf,,,,,,,,,,,,,,,,,,.,,File is empty,12.70,2024:04:17 16:52:50-04:00,2024:04:17 16:52:50-04:00,2024:04:17 16:52:50-04:00,Compensation+Committee+Charter+%28Sept+2019%29.pdf,-rw-r--r--,0 bytes,,,,,,,,,,,,,,,,,,,,,,,,,,,,,,,,,,,,,,,,,,,,,,,,,,,,
Compensation+Committee+Charter+%28Sept+2022%29.pdf,,,,,,,,,,,,,,,,,,.,,File is empty,12.70,2024:04:17 16:52:56-04:00,2024:04:17 16:52:56-04:00,2024:04:17 16:52:56-04:00,Compensation+Committee+Charter+%28Sept+2022%29.pdf,-rw-r--r--,0 bytes,,,,,,,,,,,,,,,,,,,,,,,,,,,,,,,,,,,,,,,,,,,,,,,,,,,,
Compensation+People+and+Culture+Committee+Charter+%28Dec+2022%29.pdf,,,,,,,,,,,,,,,,,,.,,File is empty,12.70,2024:04:17 16:57:51-04:00,2024:04:17 16:57:51-04:00,2024:04:17 16:57:51-04:00,Compensation+People+and+Culture+Committee+Charter+%28Dec+2022%29.pdf,-rw-r--r--,0 bytes,,,,,,,,,,,,,,,,,,,,,,,,,,,,,,,,,,,,,,,,,,,,,,,,,,,,
Corp+Gov+Guidelines-%28Sept+2019%29.pdf,,,,,,,,,,,,,,,,,,.,,File is empty,12.70,2024:04:17 16:52:40-04:00,2024:04:17 16:52:40-04:00,2024:04:17 16:52:40-04:00,Corp+Gov+Guidelines-%28Sept+2019%29.pdf,-rw-r--r--,0 bytes,,,,,,,,,,,,,,,,,,,,,,,,,,,,,,,,,,,,,,,,,,,,,,,,,,,,
Corporate+Governance+Guidelines+%2812.11.20%29.pdf,,,,,,,,,,,,,,,,,,.,,File is empty,12.70,2024:04:17 16:56:44-04:00,2024:04:17 16:56:44-04:00,2024:04:17 16:56:44-04:00,Corporate+Governance+Guidelines+%2812.11.20%29.pdf,-rw-r--r--,0 bytes,,,,,,,,,,,,,,,,,,,,,,,,,,,,,,,,,,,,,,,,,,,,,,,,,,,,
Delivery+Service+Revenue.pdf,,,,,,,,,,,,,,,,,,.,,File is empty,12.70,2024:04:17 16:52:31-04:00,2024:04:17 16:52:31-04:00,2024:04:17 16:52:31-04:00,Delivery+Service+Revenue.pdf,-rw-r--r--,0 bytes,,,,,,,,,,,,,,,,,,,,,,,,,,,,,,,,,,,,,,,,,,,,,,,,,,,,
Diversity+Statistics+2019-2021.pdf,,,,,,,,,,,,,,,,,,.,,File is empty,12.70,2024:04:17 16:52:39-04:00,2024:04:17 16:52:39-04:00,2024:04:17 16:52:39-04:00,Diversity+Statistics+2019-2021.pdf,-rw-r--r--,0 bytes,,,,,,,,,,,,,,,,,,,,,,,,,,,,,,,,,,,,,,,,,,,,,,,,,,,,
Earnings+Release+Non-gaap+reconciliation+for+IR+site+%28002%29.pdf,,,,,,,,,,,,,,,,,,.,,File is empty,12.70,2024:04:17 16:57:53-04:00,2024:04:17 16:57:53-04:00,2024:04:17 16:57:53-04:00,Earnings+Release+Non-gaap+reconciliation+for+IR+site+%28002%29.pdf,-rw-r--r--,0 bytes,,,,,,,,,,,,,,,,,,,,,,,,,,,,,,,,,,,,,,,,,,,,,,,,,,,,
Earnings+Release+Non-gaap+reconciliation+for+IR+site+FINAL.pdf,,,,,,,,,,,,,,,,,,.,,File is empty,12.70,2024:04:17 16:57:49-04:00,2024:04:17 16:57:49-04:00,2024:04:17 16:57:49-04:00,Earnings+Release+Non-gaap+reconciliation+for+IR+site+FINAL.pdf,-rw-r--r--,0 bytes,,,,,,,,,,,,,,,,,,,,,,,,,,,,,,,,,,,,,,,,,,,,,,,,,,,,
Earnings+Release+Non-gaap+reconciliation+for+IR+site.pdf,,,,,,,,,,,,,,,,,,.,,File is empty,12.70,2024:04:17 16:57:47-04:00,2024:04:17 16:57:47-04:00,2024:04:17 16:57:47-04:00,Earnings+Release+Non-gaap+reconciliation+for+IR+site.pdf,-rw-r--r--,0 bytes,,,,,,,,,,,,,,,,,,,,,,,,,,,,,,,,,,,,,,,,,,,,,,,,,,,,
Earnings+Release+Non-gaap+reconciliationforIRsite.pdf,,,,,,,,,,,,,,,,,,.,,File is empty,12.70,2024:04:17 16:52:33-04:00,2024:04:17 16:52:33-04:00,2024:04:17 16:52:33-04:00,Earnings+Release+Non-gaap+reconciliationforIRsite.pdf,-rw-r--r--,0 bytes,,,,,,,,,,,,,,,,,,,,,,,,,,,,,,,,,,,,,,,,,,,,,,,,,,,,
Earnings+Release+Non-gaap+reconciliation+for+IR+site+Q421+v+2.8.22.pdf,,,,,,,,,,,,,,,,,,.,,File is empty,12.70,2024:04:17 16:58:02-04:00,2024:04:17 16:58:02-04:00,2024:04:17 16:58:02-04:00,Earnings+Release+Non-gaap+reconciliation+for+IR+site+Q421+v+2.8.22.pdf,-rw-r--r--,0 bytes,,,,,,,,,,,,,,,,,,,,,,,,,,,,,,,,,,,,,,,,,,,,,,,,,,,,
Earnings+Release+Non-gaap+reconciliation+for+IR+site+Q422.pdf,,,,,,,,,,,,,,,,,,.,,File is empty,12.70,2024:04:17 16:57:48-04:00,2024:04:17 16:57:48-04:00,2024:04:17 16:57:48-04:00,Earnings+Release+Non-gaap+reconciliation+for+IR+site+Q422.pdf,-rw-r--r--,0 bytes,,,,,,,,,,,,,,,,,,,,,,,,,,,,,,,,,,,,,,,,,,,,,,,,,,,,
Earnings+Release+Non-gaap+reconciliation+for+IR+site+v+4.26.22+FINAL.pdf,,,,,,,,,,,,,,,,,,.,,File is empty,12.70,2024:04:17 16:58:02-04:00,2024:04:17 16:58:02-04:00,2024:04:17 16:58:02-04:00,Earnings+Release+Non-gaap+reconciliation+for+IR+site+v+4.26.22+FINAL.pdf,-rw-r--r--,0 bytes,,,,,,,,,,,,,,,,,,,,,,,,,,,,,,,,,,,,,,,,,,,,,,,,,,,,
Earnings+Release+Non-gaap+reconciliation+for+IR+site+v+FINAL.pdf,,,,,,,,,,,,,,,,,,.,,File is empty,12.70,2024:04:17 16:57:50-04:00,2024:04:17 16:57:50-04:00,2024:04:17 16:57:50-04:00,Earnings+Release+Non-gaap+reconciliation+for+IR+site+v+FINAL.pdf,-rw-r--r--,0 bytes,,,,,,,,,,,,,,,,,,,,,,,,,,,,,,,,,,,,,,,,,,,,,,,,,,,,
Earnings+Release+Non-gaap+reconciliation+Q12021.pdf,,,,,,,,,,,,,,,,,,.,,File is empty,12.70,2024:04:17 16:52:38-04:00,2024:04:17 16:52:38-04:00,2024:04:17 16:52:38-04:00,Earnings+Release+Non-gaap+reconciliation+Q12021.pdf,-rw-r--r--,0 bytes,,,,,,,,,,,,,,,,,,,,,,,,,,,,,,,,,,,,,,,,,,,,,,,,,,,,
Earnings+Release+Non-gaap+reconciliationQ22021.pdf,,,,,,,,,,,,,,,,,,.,,File is empty,12.70,2024:04:17 16:52:34-04:00,2024:04:17 16:52:34-04:00,2024:04:17 16:52:34-04:00,Earnings+Release+Non-gaap+reconciliationQ22021.pdf,-rw-r--r--,0 bytes,,,,,,,,,,,,,,,,,,,,,,,,,,,,,,,,,,,,,,,,,,,,,,,,,,,,
Earnings+Release+Reconciliations+for+IR+site.pdf,,,,,,,,,,,,,,,,,,.,,File is empty,12.70,2024:04:17 16:52:40-04:00,2024:04:17 16:52:40-04:00,2024:04:17 16:52:40-04:00,Earnings+Release+Reconciliations+for+IR+site.pdf,-rw-r--r--,0 bytes,,,,,,,,,,,,,,,,,,,,,,,,,,,,,,,,,,,,,,,,,,,,,,,,,,,,
Employment-Related+Arbitration+Report+1.25.21.pdf,,,,,,,,,,,,,,,,,,.,,File is empty,12.70,2024:04:17 16:56:56-04:00,2024:04:17 16:56:56-04:00,2024:04:17 16:56:56-04:00,Employment-Related+Arbitration+Report+1.25.21.pdf,-rw-r--r--,0 bytes,,,,,,,,,,,,,,,,,,,,,,,,,,,,,,,,,,,,,,,,,,,,,,,,,,,,
Employment-related+Arbitration+Report+2021.pdf,,,,,,,,,,,,,,,,,,.,,File is empty,12.70,2024:04:17 16:52:39-04:00,2024:04:17 16:52:39-04:00,2024:04:17 16:52:39-04:00,Employment-related+Arbitration+Report+2021.pdf,-rw-r--r--,0 bytes,,,,,,,,,,,,,,,,,,,,,,,,,,,,,,,,,,,,,,,,,,,,,,,,,,,,
Employment-related+Arbitration+Report+2021+v2.pdf,,,,,,,,,,,,,,,,,,.,,File is empty,12.70,2024:04:17 16:53:19-04:00,2024:04:17 16:53:19-04:00,2024:04:17 16:53:19-04:00,Employment-related+Arbitration+Report+2021+v2.pdf,-rw-r--r--,0 bytes,,,,,,,,,,,,,,,,,,,,,,,,,,,,,,,,,,,,,,,,,,,,,,,,,,,,
Exec+Officer+Recoupment+Policy+%28Oct+2%2C+2023%29.pdf,,,,,,,,,,,,,,,,,,.,,File is empty,12.70,2024:04:17 16:57:52-04:00,2024:04:17 16:57:52-04:00,2024:04:17 16:57:52-04:00,Exec+Officer+Recoupment+Policy+%28Oct+2%2C+2023%29.pdf,-rw-r--r--,0 bytes,,,,,,,,,,,,,,,,,,,,,,,,,,,,,,,,,,,,,,,,,,,,,,,,,,,,
Exec+Stk+Ownership+Guidelines+-+2019.pdf,,,,,,,,,,,,,,,,,,.,,File is empty,12.70,2024:04:17 16:52:38-04:00,2024:04:17 16:52:38-04:00,2024:04:17 16:52:38-04:00,Exec+Stk+Ownership+Guidelines+-+2019.pdf,-rw-r--r--,0 bytes,,,,,,,,,,,,,,,,,,,,,,,,,,,,,,,,,,,,,,,,,,,,,,,,,,,,
Executive+Compensation+Recovery+Policy+%28Dec+2023%29.pdf,,,,,,,,,,,,,,,,,,.,,File is empty,12.70,2024:04:17 16:56:14-04:00,2024:04:17 16:56:14-04:00,2024:04:17 16:56:14-04:00,Executive+Compensation+Recovery+Policy+%28Dec+2023%29.pdf,-rw-r--r--,0 bytes,,,,,,,,,,,,,,,,,,,,,,,,,,,,,,,,,,,,,,,,,,,,,,,,,,,,
Executive+Stk+Ownership+Guidelines.pdf,,,,,,,,,,,,,,,,,,.,,File is empty,12.70,2024:04:17 16:52:32-04:00,2024:04:17 16:52:32-04:00,2024:04:17 16:52:32-04:00,Executive+Stk+Ownership+Guidelines.pdf,-rw-r--r--,0 bytes,,,,,,,,,,,,,,,,,,,,,,,,,,,,,,,,,,,,,,,,,,,,,,,,,,,,
Government+Affairs+Contributions+Report_22623FINAL.pdf,,,,,,,,,,,,,,,,,,.,,File is empty,12.70,2024:04:17 16:52:33-04:00,2024:04:17 16:52:33-04:00,2024:04:17 16:52:33-04:00,Government+Affairs+Contributions+Report_22623FINAL.pdf,-rw-r--r--,0 bytes,,,,,,,,,,,,,,,,,,,,,,,,,,,,,,,,,,,,,,,,,,,,,,,,,,,,
IR+Site+2.2.24+v0.4+FINAL.pdf,,,,,,,,,,,,,,,,,,.,,File is empty,12.70,2024:04:17 16:55:54-04:00,2024:04:17 16:55:54-04:00,2024:04:17 16:55:54-04:00,IR+Site+2.2.24+v0.4+FINAL.pdf,-rw-r--r--,0 bytes,,,,,,,,,,,,,,,,,,,,,,,,,,,,,,,,,,,,,,,,,,,,,,,,,,,,
Nom+Corp+Gov+Comm+Charter+%2812.11.20%29.pdf,,,,,,,,,,,,,,,,,,.,,File is empty,12.70,2024:04:17 16:57:51-04:00,2024:04:17 16:57:51-04:00,2024:04:17 16:57:51-04:00,Nom+Corp+Gov+Comm+Charter+%2812.11.20%29.pdf,-rw-r--r--,0 bytes,,,,,,,,,,,,,,,,,,,,,,,,,,,,,,,,,,,,,,,,,,,,,,,,,,,,
Nom+Corp+Gov+Comm+Charter+%28Sept+2021%29.pdf,,,,,,,,,,,,,,,,,,.,,File is empty,12.70,2024:04:17 16:57:48-04:00,2024:04:17 16:57:48-04:00,2024:04:17 16:57:48-04:00,Nom+Corp+Gov+Comm+Charter+%28Sept+2021%29.pdf,-rw-r--r--,0 bytes,,,,,,,,,,,,,,,,,,,,,,,,,,,,,,,,,,,,,,,,,,,,,,,,,,,,
Nominating+%26+Corporate+Gov+Comm+Charter+%289.14.23%29.pdf,,,,,,,,,,,,,,,,,,.,,File is empty,12.70,2024:04:17 16:57:53-04:00,2024:04:17 16:57:53-04:00,2024:04:17 16:57:53-04:00,Nominating+%26+Corporate+Gov+Comm+Charter+%289.14.23%29.pdf,-rw-r--r--,0 bytes,,,,,,,,,,,,,,,,,,,,,,,,,,,,,,,,,,,,,,,,,,,,,,,,,,,,
Nominating+and+Governance+Committee+Charter+-+September+12%2C+2017.pdf,,,,,,,,,,,,,,,,,,.,,File is empty,12.70,2024:04:17 16:57:52-04:00,2024:04:17 16:57:52-04:00,2024:04:17 16:57:52-04:00,Nominating+and+Governance+Committee+Charter+-+September+12%2C+2017.pdf,-rw-r--r--,0 bytes,,,,,,,,,,,,,,,,,,,,,,,,,,,,,,,,,,,,,,,,,,,,,,,,,,,,
Non-GAAP+Reconciliation_2018.pdf,,,,,,,,,,,,,,,,,,.,,File is empty,12.70,2024:04:17 16:52:33-04:00,2024:04:17 16:52:33-04:00,2024:04:17 16:52:33-04:00,Non-GAAP+Reconciliation_2018.pdf,-rw-r--r--,0 bytes,,,,,,,,,,,,,,,,,,,,,,,,,,,,,,,,,,,,,,,,,,,,,,,,,,,,
Non-gaap+reconciliation+for+IR+site+v+FINAL+10.21.21.pdf,,,,,,,,,,,,,,,,,,.,,File is empty,12.70,2024:04:17 16:57:54-04:00,2024:04:17 16:57:54-04:00,2024:04:17 16:57:54-04:00,Non-gaap+reconciliation+for+IR+site+v+FINAL+10.21.21.pdf,-rw-r--r--,0 bytes,,,,,,,,,,,,,,,,,,,,,,,,,,,,,,,,,,,,,,,,,,,,,,,,,,,,
Non-GAAP+reconciliation+for+IR+site+vFINAL.pdf,,,,,,,,,,,,,,,,,,.,,File is empty,12.70,2024:04:17 16:53:04-04:00,2024:04:17 16:53:04-04:00,2024:04:17 16:53:04-04:00,Non-GAAP+reconciliation+for+IR+site+vFINAL.pdf,-rw-r--r--,0 bytes,,,,,,,,,,,,,,,,,,,,,,,,,,,,,,,,,,,,,,,,,,,,,,,,,,,,
nutrition.pdf,,,,,,2022:09:19 11:20:22-07:00,Adobe InDesign 17.4 (Macintosh),Adobe InDesign 17.4 (Macintosh),xmp.did:7f0f0eb8-cb49-41af-8767-afecaee81ae6,xmp.iid:e92645ae-2ec3-4c2c-8828-ab6d9695a889,xmp.did:8FB294B80C206811822AB27085CFCADB,default,,,,,,.,xmp.id:d763f42e-6612-4284-b1f8-49d4005f69a0,,12.70,2024:04:17 16:52:35-04:00,2024:04:17 16:52:35-04:00,2024:04:17 16:52:35-04:00,nutrition.pdf,-rw-r--r--,87 kB,PDF,pdf,application/pdf,,,,converted,/,from application/x-indesign to application/pdf,Adobe InDesign 17.4 (Macintosh),2022:09:19 11:20:22-07:00,uuid:10f83ba3-8dd4-be42-b7ff-95813ebac243,en-US,Yes,,,,,,,,,2022:09:19 11:20:22-07:00,application/pdf,2022:09:19 11:20:22-07:00,xmp.did:8FB294B80C206811822AB27085CFCADB,2,1.4,,Adobe PDF Library 16.0.7,,,,,,,,,,,,,,proof:pdf,Yes,,False,,,,,"Adobe XMP Core 7.2-c000 79.1b65a79, 2022/06/13-17:46:14        "
PaperMenu_STANDARD_NoPricing_120221_ca.pdf,,,,,,2022:10:03 17:41:56-04:00,Adobe InDesign 17.4 (Macintosh),Adobe InDesign 17.4 (Macintosh),xmp.did:7969b1d7-5b89-45a4-b599-1d00102a567f,xmp.iid:38512229-5efc-4223-9205-1b74dbed7971,xmp.did:be4df51b-f2ae-4d52-a380-bdf335e50302,default,,,,,,.,xmp.id:c4ff583a-ff60-446a-b029-c8e4d4fa7faa,,12.70,2024:04:17 16:52:38-04:00,2024:04:17 16:52:38-04:00,2024:04:17 16:52:38-04:00,PaperMenu_STANDARD_NoPricing_120221_ca.pdf,-rw-r--r--,203 kB,PDF,pdf,application/pdf,,,,converted,/,from application/x-indesign to application/pdf,Adobe InDesign 17.4 (Macintosh),2022:10:03 17:41:57-04:00,uuid:5eb59cfe-4c27-b742-bc44-a6a237d54042,en-US,Yes,,,,,,,,,2022:10:03 17:41:58-04:00,application/pdf,2022:10:03 17:41:58-04:00,xmp.did:be4df51b-f2ae-4d52-a380-bdf335e50302,2,1.4,,Adobe PDF Library 16.0.7,,,,,,,,,,,,,,proof:pdf,Yes,,False,,,,,"Adobe XMP Core 7.2-c000 79.1b65a79, 2022/06/13-17:46:14        "
PaperMenu_STANDARD_NoPricing_120221_us.pdf,0.14307 0.06061 0.7141,"(Binary data 2060 bytes, use -b option to extract)","Not Embedded, Independent","RGB ",0.9642 1 0.82491,2022:06:28 16:39:54-04:00,Adobe InDesign 17.3 (Macintosh),Adobe InDesign 17.3 (Macintosh),xmp.did:0887706d-54e5-493a-8c0c-0d577654fde2,xmp.iid:65205b3e-549a-49c7-bf04-76ab73cf8ef1,xmp.did:8FB294B80C206811822AB27085CFCADB,default,"Reflective, Glossy, Positive, Color",Hewlett-Packard,IEC http://www.iec.ch,sRGB,IEC 61966-2.1 Default RGB colour space - sRGB,.,xmp.id:056ee1bf-6d27-4da8-8573-fb6a7cca075c,,12.70,2024:04:17 16:52:37-04:00,2024:04:17 16:52:37-04:00,2024:04:17 16:52:37-04:00,PaperMenu_STANDARD_NoPricing_120221_us.pdf,-rw-r--r--,96 kB,PDF,pdf,application/pdf,0.38515 0.71687 0.09708,"(Binary data 2060 bytes, use -b option to extract)",,converted,/,from application/x-indesign to application/pdf,Adobe InDesign 17.3 (Macintosh),2022:06:28 16:39:54-04:00,uuid:340287be-6fad-7745-a5ba-5530693a4bcc,en-US,Yes,76.03647 80 87.12462,0 0 0,0.999%,Unknown,D65,CIE 1931,0 0 0,0.95045 1 1.08905,2022:06:28 16:39:56-04:00,application/pdf,2022:06:28 16:39:56-04:00,xmp.did:8FB294B80C206811822AB27085CFCADB,3,1.5,Microsoft Corporation,Adobe PDF Library 16.0.7,Display Device Profile,Linotronic,"XYZ ",Copyright (c) 1998 Hewlett-Packard Company,Hewlett-Packard,1998:02:09 06:49:00,sRGB IEC61966-2.1,acsp,0,2.1.0,0.43607 0.22249 0.01392,"(Binary data 2060 bytes, use -b option to extract)",Perceptual,proof:pdf,,Cathode Ray Tube Display,False,Reference Viewing Condition in IEC61966-2.1,19.6445 20.3718 16.8089,D50,3.92889 4.07439 3.36179,"Adobe XMP Core 7.1-c000 79.cb7c5a1, 2022/04/14-05:22:35        "
Q219+Earnings+Release+Non-gaap+reconciliation+for+IR+site.pdf,,,,,,,,,,,,,,,,,,.,,File is empty,12.70,2024:04:17 16:57:50-04:00,2024:04:17 16:57:50-04:00,2024:04:17 16:57:50-04:00,Q219+Earnings+Release+Non-gaap+reconciliation+for+IR+site.pdf,-rw-r--r--,0 bytes,,,,,,,,,,,,,,,,,,,,,,,,,,,,,,,,,,,,,,,,,,,,,,,,,,,,
Q22018+Non-Gaap+reconciliation.pdf,,,,,,,,,,,,,,,,,,.,,File is empty,12.70,2024:04:17 16:52:32-04:00,2024:04:17 16:52:32-04:00,2024:04:17 16:52:32-04:00,Q22018+Non-Gaap+reconciliation.pdf,-rw-r--r--,0 bytes,,,,,,,,,,,,,,,,,,,,,,,,,,,,,,,,,,,,,,,,,,,,,,,,,,,,
Q220+Earnings+Release+Non-gaap+reconciliation+for+IR+site.pdf,,,,,,,,,,,,,,,,,,.,,File is empty,12.70,2024:04:17 16:57:50-04:00,2024:04:17 16:57:50-04:00,2024:04:17 16:57:50-04:00,Q220+Earnings+Release+Non-gaap+reconciliation+for+IR+site.pdf,-rw-r--r--,0 bytes,,,,,,,,,,,,,,,,,,,,,,,,,,,,,,,,,,,,,,,,,,,,,,,,,,,,
Q420-Earnings+Release+Non-gaap+reconciliation+for+IR+site.pdf,,,,,,,,,,,,,,,,,,.,,File is empty,12.70,2024:04:17 16:57:49-04:00,2024:04:17 16:57:49-04:00,2024:04:17 16:57:49-04:00,Q420-Earnings+Release+Non-gaap+reconciliation+for+IR+site.pdf,-rw-r--r--,0 bytes,,,,,,,,,,,,,,,,,,,,,,,,,,,,,,,,,,,,,,,,,,,,,,,,,,,,
Recoupment+Policy+%28March+2020%29.pdf,,,,,,,,,,,,,,,,,,.,,File is empty,12.70,2024:04:17 16:52:36-04:00,2024:04:17 16:52:36-04:00,2024:04:17 16:52:36-04:00,Recoupment+Policy+%28March+2020%29.pdf,-rw-r--r--,0 bytes,,,,,,,,,,,,,,,,,,,,,,,,,,,,,,,,,,,,,,,,,,,,,,,,,,,,
Supplier+Code+of+Conduct+2019+%28Final+9.24.19%29.pdf,,,,,,,,,,,,,,,,,,.,,File is empty,12.70,2024:04:17 16:57:53-04:00,2024:04:17 16:57:53-04:00,2024:04:17 16:57:53-04:00,Supplier+Code+of+Conduct+2019+%28Final+9.24.19%29.pdf,-rw-r--r--,0 bytes,,,,,,,,,,,,,,,,,,,,,,,,,,,,,,,,,,,,,,,,,,,,,,,,,,,,
Supplier+Code+of+Conduct+%282023%29.pdf,,,,,,,,,,,,,,,,,,.,,File is empty,12.70,2024:04:17 16:52:42-04:00,2024:04:17 16:52:42-04:00,2024:04:17 16:52:42-04:00,Supplier+Code+of+Conduct+%282023%29.pdf,-rw-r--r--,0 bytes,,,,,,,,,,,,,,,,,,,,,,,,,,,,,,,,,,,,,,,,,,,,,,,,,,,,
Supplier+Code+of+Conduct+%28June+2022%29.pdf,,,,,,,,,,,,,,,,,,.,,File is empty,12.70,2024:04:17 16:56:51-04:00,2024:04:17 16:56:51-04:00,2024:04:17 16:56:51-04:00,Supplier+Code+of+Conduct+%28June+2022%29.pdf,-rw-r--r--,0 bytes,,,,,,,,,,,,,,,,,,,,,,,,,,,,,,,,,,,,,,,,,,,,,,,,,,,,
uk-nutrition-2024.pdf,0.14307 0.06061 0.7141,"(Binary data 2060 bytes, use -b option to extract)","Not Embedded, Independent","RGB ",0.9642 1 0.82491,2024:03:13 14:49:48+01:00,Adobe InDesign 19.3 (Macintosh),Adobe InDesign 19.3 (Macintosh),xmp.did:41755d19-b7d2-45c9-a63a-fd39fb8cab33,xmp.iid:2e606cf5-275c-4792-9ab4-2e2b2a3cfcb9,xmp.did:5fc02f2c-4bf1-4dde-98a7-b1042fef619e,default,"Reflective, Glossy, Positive, Color",Hewlett-Packard,IEC http://www.iec.ch,sRGB,IEC 61966-2.1 Default RGB colour space - sRGB,.,xmp.id:79ae62ee-d098-41c6-9c78-581dd51ac2ce,,12.70,2024:04:17 16:52:45-04:00,2024:04:17 16:52:45-04:00,2024:04:17 16:52:45-04:00,uk-nutrition-2024.pdf,-rw-r--r--,226 kB,PDF,pdf,application/pdf,0.38515 0.71687 0.09708,"(Binary data 2060 bytes, use -b option to extract)",,converted,/,from application/x-indesign to application/pdf,Adobe InDesign 19.3 (Macintosh),2024:03:13 14:49:48+01:00,uuid:030b5e7e-2411-1744-8745-86fbd1ab32cc,fr-FR,No,76.03647 80 87.12462,0 0 0,0.999%,Unknown,D65,CIE 1931,0 0 0,0.95045 1 1.08905,2024:03:13 14:49:49+01:00,application/pdf,2024:03:13 14:49:49+01:00,xmp.did:5fc02f2c-4bf1-4dde-98a7-b1042fef619e,4,1.5,Microsoft Corporation,Adobe PDF Library 17.0,Display Device Profile,Linotronic,"XYZ ",Copyright (c) 1998 Hewlett-Packard Company,Hewlett-Packard,1998:02:09 06:49:00,sRGB IEC61966-2.1,acsp,0,2.1.0,0.43607 0.22249 0.01392,"(Binary data 2060 bytes, use -b option to extract)",Perceptual,proof:pdf,,Cathode Ray Tube Display,False,Reference Viewing Condition in IEC61966-2.1,19.6445 20.3718 16.8089,D50,3.92889 4.07439 3.36179,"Adobe XMP Core 9.1-c002 79.dba3da3, 2023/12/13-05:06:49        "
updated-2021-annual-cmg-report-update-11-17-22.pdf,,,,,,2022:05:20 09:36:00-05:00,Adobe InDesign 17.2 (Macintosh),Adobe InDesign 17.2 (Macintosh),xmp.did:de56cba6-cf52-4650-9da2-e7e85e09cc94,xmp.iid:e6d42147-53c3-4b3e-a678-e0678190581b,xmp.did:296f95f0-9d15-4aa6-ac51-a6fd166c254a,default,,,,,,.,xmp.id:f5c9f6ec-73b6-4955-af90-db8da6e62168,,12.70,2024:04:17 16:58:02-04:00,2024:04:17 16:58:04-04:00,2024:04:17 16:58:04-04:00,updated-2021-annual-cmg-report-update-11-17-22.pdf,-rw-r--r--,6.8 MB,PDF,pdf,application/pdf,,,No,converted,/,from application/x-indesign to application/pdf,Adobe InDesign 17.2 (Macintosh),2022:05:20 09:36-05:00,uuid:310dd4ef-817a-7743-b544-97680f89e2d9,en-US,Yes,,,,,,,,,2022:11:17 16:25:38-08:00,application/pdf,2022:11:17 16:25:38-08:00,xmp.did:296f95f0-9d15-4aa6-ac51-a6fd166c254a,53,1.7,,Adobe PDF Library 16.0.7,,,,,,,,,,,,,,proof:pdf,,,False,,,,,"Adobe XMP Core 8.0-c001 79.328f76e, 2022/08/01-19:10:29        "
Web+10-K.pdf,,,,,,,,,,,,,,,,,,.,,File is empty,12.70,2024:04:17 16:52:27-04:00,2024:04:17 16:52:27-04:00,2024:04:17 16:52:27-04:00,Web+10-K.pdf,-rw-r--r--,0 bytes,,,,,,,,,,,,,,,,,,,,,,,,,,,,,,,,,,,,,,,,,,,,,,,,,,,,
